[     736ms] [LOG] Visibility threshold pct=50, Visibility threshold ms = 0 @ https://tag.durationmedia.net/sites/11159/dm.js:0
[     738ms] [LOG] Braze: Initialization Options: {
  "baseUrl": "sdk.iad-07.braze.com",
  "allowUserSuppliedJavascript": true,
  "enableLogging": true
} @ https://js.appboycdn.com/web-sdk/5.8/braze.no-amd.min.js:23
[     739ms] [LOG] Braze: Initialized for the Braze backend at "sdk.iad-07.braze.com" with API key "08279373-5f4c-4539-9a3e-117896d5ed15". @ https://js.appboycdn.com/web-sdk/5.8/braze.no-amd.min.js:23
[     755ms] [LOG] Main bundle loaded (base.twig) @ https://www.ksl.com/article/51614351/california-company-awarded-100m-to-develop-critical-mineral-facility-on-great-salt-lake-shore:2550
[     969ms] [ERROR] Access to fetch at 'https://region-filter.rubyblu.com/check' from origin 'https://www.ksl.com' has been blocked by CORS policy: No 'Access-Control-Allow-Origin' header is present on the requested resource. @ https://www.ksl.com/article/51614351/california-company-awarded-100m-to-develop-critical-mineral-facility-on-great-salt-lake-shore:0
[     969ms] [ERROR] Failed to load resource: net::ERR_FAILED @ https://region-filter.rubyblu.com/check:0
[    1140ms] [WARNING] [GPT] Slot.setTargeting is deprecated, use Slot.setConfig({targeting: ...}) instead.
https://goo.gle/gpt-message#171 @ https://securepubads.g.doubleclick.net/pagead/managed/js/gpt/m202608190101/pubads_impl.js?cb=122880556:18
[    1140ms] [WARNING] [GPT] PubAdsService.setTargeting is deprecated, use googletag.setConfig({targeting: ...}) instead.
https://goo.gle/gpt-message#170 @ https://securepubads.g.doubleclick.net/pagead/managed/js/gpt/m202608190101/pubads_impl.js?cb=122880556:18
[    1606ms] [WARNING] [Audigent] script has already been initialised. Skip further execution @ https://a.ad.gt/api/v1/u/matches/454?_it=amazon:0
[    1622ms] [WARNING] [Audigent] script has already been initialised. Skip further execution @ https://a.ad.gt/api/v1/u/matches/454?_it=0:0
[    1788ms] [ERROR] Failed to load resource: the server responded with a status of 404 () @ https://sync.crwdcntrl.net/qmap?c=2700&tp=UNDR&gdpr=&gdpr_consent=&tpid=6ay5svzm87u89jfal5avjehri:0
[    1809ms] [ERROR] Access to fetch at 'https://bpb.opendns.com/b/https/id.a-mx.com/sync/?tagId=&ref=null&u=https://www.ksl.com/article/51614351/california-company-awarded-100m-to-develop-critical-mineral-facility-on-great-salt-lake-shore&tl=https://www.ksl.com/article/51614351/california-company-awarded-100m-to-develop-critical-mineral-facility-on-great-salt-lake-shore&nf=0&rt=true&v=11.22.0&av=2.0&vg=voltaxPlayerPrebid&us_privacy=null&am=ceef8c68-a2aa-47d9-81f7-e1dcc3a82025&gdpr=0&gdpr_consent=' (redirected from 'https://id.a-mx.com/sync/?tagId=&ref=null&u=https://www.ksl.com/article/51614351/california-company-awarded-100m-to-develop-critical-mineral-facility-on-great-salt-lake-shore&tl=https://www.ksl.com/article/51614351/california-company-awarded-100m-to-develop-critical-mineral-facility-on-great-salt-lake-shore&nf=0&rt=true&v=11.22.0&av=2.0&vg=voltaxPlayerPrebid&us_privacy=null&am=ceef8c68-a2aa-47d9-81f7-e1dcc3a82025&gdpr=0&gdpr_consent=') from origin 'https://www.ksl.com' has been blocked by CORS policy: The value of the 'Access-Control-Allow-Origin' header in the response must not be the wildcard '*' when the request's credentials mode is 'include'. @ https://www.ksl.com/article/51614351/california-company-awarded-100m-to-develop-critical-mineral-facility-on-great-salt-lake-shore:0
[    1809ms] [ERROR] Failed to load resource: net::ERR_FAILED @ https://bpb.opendns.com/b/https/id.a-mx.com/sync/?tagId=&ref=null&u=https://www.ksl.com/article/51614351/california-company-awarded-100m-to-develop-critical-mineral-facility-on-great-salt-lake-shore&tl=https://www.ksl.com/article/51614351/california-company-awarded-100m-to-develop-critical-mineral-facility-on-great-salt-lake-shore&nf=0&rt=true&v=11.22.0&av=2.0&vg=voltaxPlayerPrebid&us_privacy=null&am=ceef8c68-a2aa-47d9-81f7-e1dcc3a82025&gdpr=0&gdpr_consent=:0
[    1835ms] [ERROR] Failed to load resource: net::ERR_NAME_NOT_RESOLVED @ https://ksl-d.openx.net/w/1.0/jstag?nc=6686-KSL_News:0
[    2116ms] [WARNING] [Audigent] script has already been initialised. Skip further execution @ https://a.ad.gt/api/v1/u/matches/788?_it=tag:0
[    2303ms] [ERROR] Access to fetch at 'https://bpb.opendns.com/b/https/id.a-mx.com/sync/?tagId=&ref=null&u=https://www.ksl.com/article/51614351/california-company-awarded-100m-to-develop-critical-mineral-facility-on-great-salt-lake-shore&tl=https://www.ksl.com/article/51614351/california-company-awarded-100m-to-develop-critical-mineral-facility-on-great-salt-lake-shore&nf=0&rt=true&v=11.22.0&av=2.0&vg=voltaxPlayerPrebid&us_privacy=1---&am=ceef8c68-a2aa-47d9-81f7-e1dcc3a82025&gdpr=0&gdpr_consent=' (redirected from 'https://id.a-mx.com/sync/?tagId=&ref=null&u=https://www.ksl.com/article/51614351/california-company-awarded-100m-to-develop-critical-mineral-facility-on-great-salt-lake-shore&tl=https://www.ksl.com/article/51614351/california-company-awarded-100m-to-develop-critical-mineral-facility-on-great-salt-lake-shore&nf=0&rt=true&v=11.22.0&av=2.0&vg=voltaxPlayerPrebid&us_privacy=1---&am=ceef8c68-a2aa-47d9-81f7-e1dcc3a82025&gdpr=0&gdpr_consent=') from origin 'https://www.ksl.com' has been blocked by CORS policy: The value of the 'Access-Control-Allow-Origin' header in the response must not be the wildcard '*' when the request's credentials mode is 'include'. @ https://www.ksl.com/article/51614351/california-company-awarded-100m-to-develop-critical-mineral-facility-on-great-salt-lake-shore:0
[    2303ms] [ERROR] Failed to load resource: net::ERR_FAILED @ https://bpb.opendns.com/b/https/id.a-mx.com/sync/?tagId=&ref=null&u=https://www.ksl.com/article/51614351/california-company-awarded-100m-to-develop-critical-mineral-facility-on-great-salt-lake-shore&tl=https://www.ksl.com/article/51614351/california-company-awarded-100m-to-develop-critical-mineral-facility-on-great-salt-lake-shore&nf=0&rt=true&v=11.22.0&av=2.0&vg=voltaxPlayerPrebid&us_privacy=1---&am=ceef8c68-a2aa-47d9-81f7-e1dcc3a82025&gdpr=0&gdpr_consent=:0
[    2328ms] [WARNING] An iframe which has both allow-scripts and allow-same-origin for its sandbox attribute can escape its sandboxing. @ https://adl.ksldigital.media/op.js:0
[    2352ms] [WARNING] An iframe which has both allow-scripts and allow-same-origin for its sandbox attribute can escape its sandboxing. @ https://adl.ksldigital.media/op.js:0
[    2381ms] [WARNING] An iframe which has both allow-scripts and allow-same-origin for its sandbox attribute can escape its sandboxing. @ https://adl.ksldigital.media/op.js:0
[    2421ms] [WARNING] An iframe which has both allow-scripts and allow-same-origin for its sandbox attribute can escape its sandboxing. @ https://adl.ksldigital.media/op.js:0
[    2453ms] [WARNING] An iframe which has both allow-scripts and allow-same-origin for its sandbox attribute can escape its sandboxing. @ https://adl.ksldigital.media/op.js:0
[    2475ms] [WARNING] An iframe which has both allow-scripts and allow-same-origin for its sandbox attribute can escape its sandboxing. @ https://adl.ksldigital.media/op.js:0
[    2660ms] [ERROR] Attestation check for Shared Storage on https://www.googleadservices.com failed. @ https://www.googleadservices.com/pagead/managed/js/activeview/current/reach_worklet.html:0
[    2682ms] [ERROR] Attestation check for Shared Storage on https://www.googleadservices.com failed. @ https://www.googleadservices.com/pagead/managed/js/activeview/current/reach_worklet.html:0
[    2683ms] [ERROR] Attestation check for Shared Storage on https://www.googleadservices.com failed. @ https://www.googleadservices.com/pagead/managed/js/activeview/current/reach_worklet.html:0
[    2684ms] [ERROR] Attestation check for Shared Storage on https://www.googleadservices.com failed. @ https://www.googleadservices.com/pagead/managed/js/activeview/current/reach_worklet.html:0
[    2686ms] [ERROR] Attestation check for Shared Storage on https://www.googleadservices.com failed. @ https://www.googleadservices.com/pagead/managed/js/activeview/current/reach_worklet.html:0
[    2696ms] [LOG] domain: s0.2mdn.net @ https://s0.2mdn.net/sadbundle/127587456290652160/TDIdynamic.js:0
[    2696ms] [LOG] url: https://www.ksl.com/ @ https://s0.2mdn.net/sadbundle/127587456290652160/TDIdynamic.js:0
[    2754ms] [ERROR] Attestation check for Attribution Reporting on https://ad.doubleclick.net failed. @ https://www.ksl.com/article/51614351/california-company-awarded-100m-to-develop-critical-mineral-facility-on-great-salt-lake-shore:0
[    2777ms] [ERROR] Attestation check for Shared Storage on https://www.googleadservices.com failed. @ https://www.googleadservices.com/pagead/managed/js/activeview/current/reach_worklet.html:0
[    2975ms] [ERROR] Attestation check for Attribution Reporting on https://ad.doubleclick.net failed. @ https://www.ksl.com/article/51614351/california-company-awarded-100m-to-develop-critical-mineral-facility-on-great-salt-lake-shore:0
[    2995ms] [ERROR] Access to fetch at 'https://bpb.opendns.com/b/https/id.a-mx.com/sync/?tagId=&ref=null&u=https://www.ksl.com/article/51614351/california-company-awarded-100m-to-develop-critical-mineral-facility-on-great-salt-lake-shore&tl=https://www.ksl.com/article/51614351/california-company-awarded-100m-to-develop-critical-mineral-facility-on-great-salt-lake-shore&nf=1&rt=true&v=10.29.0&av=2.0&vg=saambaa_pbjs&us_privacy=1---&am=ceef8c68-a2aa-47d9-81f7-e1dcc3a82025&gdpr=0&gdpr_consent=' (redirected from 'https://id.a-mx.com/sync/?tagId=&ref=null&u=https://www.ksl.com/article/51614351/california-company-awarded-100m-to-develop-critical-mineral-facility-on-great-salt-lake-shore&tl=https://www.ksl.com/article/51614351/california-company-awarded-100m-to-develop-critical-mineral-facility-on-great-salt-lake-shore&nf=1&rt=true&v=10.29.0&av=2.0&vg=saambaa_pbjs&us_privacy=1---&am=ceef8c68-a2aa-47d9-81f7-e1dcc3a82025&gdpr=0&gdpr_consent=') from origin 'https://www.ksl.com' has been blocked by CORS policy: The value of the 'Access-Control-Allow-Origin' header in the response must not be the wildcard '*' when the request's credentials mode is 'include'. @ https://www.ksl.com/article/51614351/california-company-awarded-100m-to-develop-critical-mineral-facility-on-great-salt-lake-shore:0
[    2995ms] [ERROR] Failed to load resource: net::ERR_FAILED @ https://bpb.opendns.com/b/https/id.a-mx.com/sync/?tagId=&ref=null&u=https://www.ksl.com/article/51614351/california-company-awarded-100m-to-develop-critical-mineral-facility-on-great-salt-lake-shore&tl=https://www.ksl.com/article/51614351/california-company-awarded-100m-to-develop-critical-mineral-facility-on-great-salt-lake-shore&nf=1&rt=true&v=10.29.0&av=2.0&vg=saambaa_pbjs&us_privacy=1---&am=ceef8c68-a2aa-47d9-81f7-e1dcc3a82025&gdpr=0&gdpr_consent=:0
[    3099ms] [WARNING] [Audigent] script has already been initialised. Skip further execution @ https://a.ad.gt/api/v1/u/matches/454?url=https%3A%2F%2Fwww.ksl.com%2Farticle%2F51614351%2Fcalifornia-company-awarded-100m-to-develop-critical-mineral-facility-on-great-salt-lake-shore&ref=https%3A%2F%2Fwww.ksl.com%2Farticle%2F51614351%2Fcalifornia-company-awarded-100m-to-develop-critical-mineral-facility-on-great-salt-lake-shore:0
[    3131ms] [WARNING] [Audigent] script has already been initialised. Skip further execution @ https://a.ad.gt/api/v1/u/matches/454?url=https%3A%2F%2Fwww.ksl.com%2Farticle%2F51614351%2Fcalifornia-company-awarded-100m-to-develop-critical-mineral-facility-on-great-salt-lake-shore&ref=https%3A%2F%2Fwww.ksl.com%2Farticle%2F51614351%2Fcalifornia-company-awarded-100m-to-develop-critical-mineral-facility-on-great-salt-lake-shore:0
[    3159ms] [WARNING] [Audigent] script has already been initialised. Skip further execution @ https://a.ad.gt/api/v1/u/matches/454?_it=amazon:0
[    3216ms] [WARNING] [Audigent] script has already been initialised. Skip further execution @ https://a.ad.gt/api/v1/u/matches/454?_it=amazon:0
[    3275ms] [WARNING] [Audigent] script has already been initialised. Skip further execution @ https://a.ad.gt/api/v1/u/matches/788?_it=tag:0
[    3340ms] [ERROR] Access to fetch at 'https://bpb.opendns.com/b/https/id.a-mx.com/sync/?tagId=&ref=null&u=https://www.ksl.com/article/51614351/california-company-awarded-100m-to-develop-critical-mineral-facility-on-great-salt-lake-shore&tl=https://www.ksl.com/article/51614351/california-company-awarded-100m-to-develop-critical-mineral-facility-on-great-salt-lake-shore&nf=1&rt=true&v=10.29.0&av=2.0&vg=saambaa_pbjs&us_privacy=null&am=ceef8c68-a2aa-47d9-81f7-e1dcc3a82025&gdpr=0&gdpr_consent=' (redirected from 'https://id.a-mx.com/sync/?tagId=&ref=null&u=https://www.ksl.com/article/51614351/california-company-awarded-100m-to-develop-critical-mineral-facility-on-great-salt-lake-shore&tl=https://www.ksl.com/article/51614351/california-company-awarded-100m-to-develop-critical-mineral-facility-on-great-salt-lake-shore&nf=1&rt=true&v=10.29.0&av=2.0&vg=saambaa_pbjs&us_privacy=null&am=ceef8c68-a2aa-47d9-81f7-e1dcc3a82025&gdpr=0&gdpr_consent=') from origin 'https://www.ksl.com' has been blocked by CORS policy: The value of the 'Access-Control-Allow-Origin' header in the response must not be the wildcard '*' when the request's credentials mode is 'include'. @ https://www.ksl.com/article/51614351/california-company-awarded-100m-to-develop-critical-mineral-facility-on-great-salt-lake-shore:0
[    3341ms] [ERROR] Failed to load resource: net::ERR_FAILED @ https://bpb.opendns.com/b/https/id.a-mx.com/sync/?tagId=&ref=null&u=https://www.ksl.com/article/51614351/california-company-awarded-100m-to-develop-critical-mineral-facility-on-great-salt-lake-shore&tl=https://www.ksl.com/article/51614351/california-company-awarded-100m-to-develop-critical-mineral-facility-on-great-salt-lake-shore&nf=1&rt=true&v=10.29.0&av=2.0&vg=saambaa_pbjs&us_privacy=null&am=ceef8c68-a2aa-47d9-81f7-e1dcc3a82025&gdpr=0&gdpr_consent=:0
[    3362ms] [TIMEEND] a: 0 ms @ https://static.adsafeprotected.com/sca.17.6.4.js:31
[    3375ms] [WARNING] [Audigent] script has already been initialised. Skip further execution @ https://a.ad.gt/api/v1/u/matches/788?_it=tag:0
[    3642ms] [ERROR] Access to fetch at 'https://bpb.opendns.com/b/https/id.a-mx.com/sync/?tagId=&ref=null&u=https://www.ksl.com/article/51614351/california-company-awarded-100m-to-develop-critical-mineral-facility-on-great-salt-lake-shore&tl=https://www.ksl.com/article/51614351/california-company-awarded-100m-to-develop-critical-mineral-facility-on-great-salt-lake-shore&nf=1&rt=true&v=11.22.0&av=2.0&vg=voltaxPlayerPrebid&us_privacy=1---&am=ceef8c68-a2aa-47d9-81f7-e1dcc3a82025&gdpr=0&gdpr_consent=' (redirected from 'https://id.a-mx.com/sync/?tagId=&ref=null&u=https://www.ksl.com/article/51614351/california-company-awarded-100m-to-develop-critical-mineral-facility-on-great-salt-lake-shore&tl=https://www.ksl.com/article/51614351/california-company-awarded-100m-to-develop-critical-mineral-facility-on-great-salt-lake-shore&nf=1&rt=true&v=11.22.0&av=2.0&vg=voltaxPlayerPrebid&us_privacy=1---&am=ceef8c68-a2aa-47d9-81f7-e1dcc3a82025&gdpr=0&gdpr_consent=') from origin 'https://www.ksl.com' has been blocked by CORS policy: The value of the 'Access-Control-Allow-Origin' header in the response must not be the wildcard '*' when the request's credentials mode is 'include'. @ https://www.ksl.com/article/51614351/california-company-awarded-100m-to-develop-critical-mineral-facility-on-great-salt-lake-shore:0
[    3642ms] [ERROR] Failed to load resource: net::ERR_FAILED @ https://bpb.opendns.com/b/https/id.a-mx.com/sync/?tagId=&ref=null&u=https://www.ksl.com/article/51614351/california-company-awarded-100m-to-develop-critical-mineral-facility-on-great-salt-lake-shore&tl=https://www.ksl.com/article/51614351/california-company-awarded-100m-to-develop-critical-mineral-facility-on-great-salt-lake-shore&nf=1&rt=true&v=11.22.0&av=2.0&vg=voltaxPlayerPrebid&us_privacy=1---&am=ceef8c68-a2aa-47d9-81f7-e1dcc3a82025&gdpr=0&gdpr_consent=:0
[    3682ms] [ERROR] Access to fetch at 'https://bpb.opendns.com/b/https/id.a-mx.com/sync/?tagId=&ref=null&u=https://www.ksl.com/article/51614351/california-company-awarded-100m-to-develop-critical-mineral-facility-on-great-salt-lake-shore&tl=https://www.ksl.com/article/51614351/california-company-awarded-100m-to-develop-critical-mineral-facility-on-great-salt-lake-shore&nf=1&rt=true&v=11.22.0&av=2.0&vg=voltaxPlayerPrebid&us_privacy=1---&am=ceef8c68-a2aa-47d9-81f7-e1dcc3a82025&gdpr=0&gdpr_consent=' (redirected from 'https://id.a-mx.com/sync/?tagId=&ref=null&u=https://www.ksl.com/article/51614351/california-company-awarded-100m-to-develop-critical-mineral-facility-on-great-salt-lake-shore&tl=https://www.ksl.com/article/51614351/california-company-awarded-100m-to-develop-critical-mineral-facility-on-great-salt-lake-shore&nf=1&rt=true&v=11.22.0&av=2.0&vg=voltaxPlayerPrebid&us_privacy=1---&am=ceef8c68-a2aa-47d9-81f7-e1dcc3a82025&gdpr=0&gdpr_consent=') from origin 'https://www.ksl.com' has been blocked by CORS policy: The value of the 'Access-Control-Allow-Origin' header in the response must not be the wildcard '*' when the request's credentials mode is 'include'. @ https://www.ksl.com/article/51614351/california-company-awarded-100m-to-develop-critical-mineral-facility-on-great-salt-lake-shore:0
[    3683ms] [ERROR] Failed to load resource: net::ERR_FAILED @ https://bpb.opendns.com/b/https/id.a-mx.com/sync/?tagId=&ref=null&u=https://www.ksl.com/article/51614351/california-company-awarded-100m-to-develop-critical-mineral-facility-on-great-salt-lake-shore&tl=https://www.ksl.com/article/51614351/california-company-awarded-100m-to-develop-critical-mineral-facility-on-great-salt-lake-shore&nf=1&rt=true&v=11.22.0&av=2.0&vg=voltaxPlayerPrebid&us_privacy=1---&am=ceef8c68-a2aa-47d9-81f7-e1dcc3a82025&gdpr=0&gdpr_consent=:0
[    3687ms] [ERROR] Failed to load resource: the server responded with a status of 400 () @ https://eb2.3lift.com/xuid?idenv=:0
[    3687ms] [ERROR] Failed to load resource: the server responded with a status of 400 () @ https://eb2.3lift.com/xuid?idenv=:0
[    3862ms] [WARNING] [Audigent] cannot find __gpp framework @ https://a.ad.gt/api/v1/u/matches/788?url=https%3A%2F%2Fwww.ksl.com%2Farticle%2F51614351%2Fcalifornia-company-awarded-100m-to-develop-critical-mineral-facility-on-great-salt-lake-shore&ref=https%3A%2F%2Fwww.ksl.com%2Farticle%2F51614351%2Fcalifornia-company-awarded-100m-to-develop-critical-mineral-facility-on-great-salt-lake-shore:0
[    3970ms] [WARNING] [Audigent] cannot find __gpp framework @ https://a.ad.gt/api/v1/u/matches/788?url=https%3A%2F%2Fwww.ksl.com%2Farticle%2F51614351%2Fcalifornia-company-awarded-100m-to-develop-critical-mineral-facility-on-great-salt-lake-shore&ref=https%3A%2F%2Fwww.ksl.com%2Farticle%2F51614351%2Fcalifornia-company-awarded-100m-to-develop-critical-mineral-facility-on-great-salt-lake-shore:0
[    4738ms] [ERROR] Refused to execute script from 'https://d2ogoirb28wat7.cloudfront.net/b-2e7c324-d1f60bd5.js' because its MIME type ('image/gif') is not executable. @ https://d2ogoirb28wat7.cloudfront.net/b-0d6ee0c-d62ddfac.js:0
[    2660ms] [ERROR] Attestation check for Shared Storage on https://www.googleadservices.com failed. @ https://www.googleadservices.com/pagead/managed/js/activeview/current/reach_worklet.html:0
[    2682ms] [ERROR] Attestation check for Shared Storage on https://www.googleadservices.com failed. @ https://www.googleadservices.com/pagead/managed/js/activeview/current/reach_worklet.html:0
[    2683ms] [ERROR] Attestation check for Shared Storage on https://www.googleadservices.com failed. @ https://www.googleadservices.com/pagead/managed/js/activeview/current/reach_worklet.html:0
[    2684ms] [ERROR] Attestation check for Shared Storage on https://www.googleadservices.com failed. @ https://www.googleadservices.com/pagead/managed/js/activeview/current/reach_worklet.html:0
[    2686ms] [ERROR] Attestation check for Shared Storage on https://www.googleadservices.com failed. @ https://www.googleadservices.com/pagead/managed/js/activeview/current/reach_worklet.html:0
[    2777ms] [ERROR] Attestation check for Shared Storage on https://www.googleadservices.com failed. @ https://www.googleadservices.com/pagead/managed/js/activeview/current/reach_worklet.html:0
[    2660ms] [ERROR] Attestation check for Shared Storage on https://www.googleadservices.com failed. @ https://www.googleadservices.com/pagead/managed/js/activeview/current/reach_worklet.html:0
[    2682ms] [ERROR] Attestation check for Shared Storage on https://www.googleadservices.com failed. @ https://www.googleadservices.com/pagead/managed/js/activeview/current/reach_worklet.html:0
[    2683ms] [ERROR] Attestation check for Shared Storage on https://www.googleadservices.com failed. @ https://www.googleadservices.com/pagead/managed/js/activeview/current/reach_worklet.html:0
[    2684ms] [ERROR] Attestation check for Shared Storage on https://www.googleadservices.com failed. @ https://www.googleadservices.com/pagead/managed/js/activeview/current/reach_worklet.html:0
[    2686ms] [ERROR] Attestation check for Shared Storage on https://www.googleadservices.com failed. @ https://www.googleadservices.com/pagead/managed/js/activeview/current/reach_worklet.html:0
[    2777ms] [ERROR] Attestation check for Shared Storage on https://www.googleadservices.com failed. @ https://www.googleadservices.com/pagead/managed/js/activeview/current/reach_worklet.html:0
[    4980ms] [ERROR] Attestation check for Shared Storage on https://www.googleadservices.com failed. @ https://www.googleadservices.com/pagead/managed/js/activeview/current/reach_worklet.html:0
[    5027ms] [ERROR] Attestation check for Shared Storage on https://www.googleadservices.com failed. @ https://www.googleadservices.com/pagead/managed/js/activeview/current/reach_worklet.html:0
[    2660ms] [ERROR] Attestation check for Shared Storage on https://www.googleadservices.com failed. @ https://www.googleadservices.com/pagead/managed/js/activeview/current/reach_worklet.html:0
[    2682ms] [ERROR] Attestation check for Shared Storage on https://www.googleadservices.com failed. @ https://www.googleadservices.com/pagead/managed/js/activeview/current/reach_worklet.html:0
[    2683ms] [ERROR] Attestation check for Shared Storage on https://www.googleadservices.com failed. @ https://www.googleadservices.com/pagead/managed/js/activeview/current/reach_worklet.html:0
[    2684ms] [ERROR] Attestation check for Shared Storage on https://www.googleadservices.com failed. @ https://www.googleadservices.com/pagead/managed/js/activeview/current/reach_worklet.html:0
[    2686ms] [ERROR] Attestation check for Shared Storage on https://www.googleadservices.com failed. @ https://www.googleadservices.com/pagead/managed/js/activeview/current/reach_worklet.html:0
[    2777ms] [ERROR] Attestation check for Shared Storage on https://www.googleadservices.com failed. @ https://www.googleadservices.com/pagead/managed/js/activeview/current/reach_worklet.html:0
[    4980ms] [ERROR] Attestation check for Shared Storage on https://www.googleadservices.com failed. @ https://www.googleadservices.com/pagead/managed/js/activeview/current/reach_worklet.html:0
[    5027ms] [ERROR] Attestation check for Shared Storage on https://www.googleadservices.com failed. @ https://www.googleadservices.com/pagead/managed/js/activeview/current/reach_worklet.html:0
[    5172ms] [ERROR] Attestation check for Shared Storage on https://www.googleadservices.com failed. @ https://www.googleadservices.com/pagead/managed/js/activeview/current/reach_worklet.html:0
[    2660ms] [ERROR] Attestation check for Shared Storage on https://www.googleadservices.com failed. @ https://www.googleadservices.com/pagead/managed/js/activeview/current/reach_worklet.html:0
[    2682ms] [ERROR] Attestation check for Shared Storage on https://www.googleadservices.com failed. @ https://www.googleadservices.com/pagead/managed/js/activeview/current/reach_worklet.html:0
[    2683ms] [ERROR] Attestation check for Shared Storage on https://www.googleadservices.com failed. @ https://www.googleadservices.com/pagead/managed/js/activeview/current/reach_worklet.html:0
[    2684ms] [ERROR] Attestation check for Shared Storage on https://www.googleadservices.com failed. @ https://www.googleadservices.com/pagead/managed/js/activeview/current/reach_worklet.html:0
[    2686ms] [ERROR] Attestation check for Shared Storage on https://www.googleadservices.com failed. @ https://www.googleadservices.com/pagead/managed/js/activeview/current/reach_worklet.html:0
[    2777ms] [ERROR] Attestation check for Shared Storage on https://www.googleadservices.com failed. @ https://www.googleadservices.com/pagead/managed/js/activeview/current/reach_worklet.html:0
[    4980ms] [ERROR] Attestation check for Shared Storage on https://www.googleadservices.com failed. @ https://www.googleadservices.com/pagead/managed/js/activeview/current/reach_worklet.html:0
[    5027ms] [ERROR] Attestation check for Shared Storage on https://www.googleadservices.com failed. @ https://www.googleadservices.com/pagead/managed/js/activeview/current/reach_worklet.html:0
[    5172ms] [ERROR] Attestation check for Shared Storage on https://www.googleadservices.com failed. @ https://www.googleadservices.com/pagead/managed/js/activeview/current/reach_worklet.html:0
[    5266ms] [ERROR] Attestation check for Shared Storage on https://www.googleadservices.com failed. @ https://www.googleadservices.com/pagead/managed/js/activeview/current/reach_worklet.html:0
[    2660ms] [ERROR] Attestation check for Shared Storage on https://www.googleadservices.com failed. @ https://www.googleadservices.com/pagead/managed/js/activeview/current/reach_worklet.html:0
[    2682ms] [ERROR] Attestation check for Shared Storage on https://www.googleadservices.com failed. @ https://www.googleadservices.com/pagead/managed/js/activeview/current/reach_worklet.html:0
[    2683ms] [ERROR] Attestation check for Shared Storage on https://www.googleadservices.com failed. @ https://www.googleadservices.com/pagead/managed/js/activeview/current/reach_worklet.html:0
[    2684ms] [ERROR] Attestation check for Shared Storage on https://www.googleadservices.com failed. @ https://www.googleadservices.com/pagead/managed/js/activeview/current/reach_worklet.html:0
[    2686ms] [ERROR] Attestation check for Shared Storage on https://www.googleadservices.com failed. @ https://www.googleadservices.com/pagead/managed/js/activeview/current/reach_worklet.html:0
[    2777ms] [ERROR] Attestation check for Shared Storage on https://www.googleadservices.com failed. @ https://www.googleadservices.com/pagead/managed/js/activeview/current/reach_worklet.html:0
[    4980ms] [ERROR] Attestation check for Shared Storage on https://www.googleadservices.com failed. @ https://www.googleadservices.com/pagead/managed/js/activeview/current/reach_worklet.html:0
[    5027ms] [ERROR] Attestation check for Shared Storage on https://www.googleadservices.com failed. @ https://www.googleadservices.com/pagead/managed/js/activeview/current/reach_worklet.html:0
[    5172ms] [ERROR] Attestation check for Shared Storage on https://www.googleadservices.com failed. @ https://www.googleadservices.com/pagead/managed/js/activeview/current/reach_worklet.html:0
[    5266ms] [ERROR] Attestation check for Shared Storage on https://www.googleadservices.com failed. @ https://www.googleadservices.com/pagead/managed/js/activeview/current/reach_worklet.html:0
[    2660ms] [ERROR] Attestation check for Shared Storage on https://www.googleadservices.com failed. @ https://www.googleadservices.com/pagead/managed/js/activeview/current/reach_worklet.html:0
[    2682ms] [ERROR] Attestation check for Shared Storage on https://www.googleadservices.com failed. @ https://www.googleadservices.com/pagead/managed/js/activeview/current/reach_worklet.html:0
[    2683ms] [ERROR] Attestation check for Shared Storage on https://www.googleadservices.com failed. @ https://www.googleadservices.com/pagead/managed/js/activeview/current/reach_worklet.html:0
[    2684ms] [ERROR] Attestation check for Shared Storage on https://www.googleadservices.com failed. @ https://www.googleadservices.com/pagead/managed/js/activeview/current/reach_worklet.html:0
[    2686ms] [ERROR] Attestation check for Shared Storage on https://www.googleadservices.com failed. @ https://www.googleadservices.com/pagead/managed/js/activeview/current/reach_worklet.html:0
[    2777ms] [ERROR] Attestation check for Shared Storage on https://www.googleadservices.com failed. @ https://www.googleadservices.com/pagead/managed/js/activeview/current/reach_worklet.html:0
[    4980ms] [ERROR] Attestation check for Shared Storage on https://www.googleadservices.com failed. @ https://www.googleadservices.com/pagead/managed/js/activeview/current/reach_worklet.html:0
[    5027ms] [ERROR] Attestation check for Shared Storage on https://www.googleadservices.com failed. @ https://www.googleadservices.com/pagead/managed/js/activeview/current/reach_worklet.html:0
[    5172ms] [ERROR] Attestation check for Shared Storage on https://www.googleadservices.com failed. @ https://www.googleadservices.com/pagead/managed/js/activeview/current/reach_worklet.html:0
[    5266ms] [ERROR] Attestation check for Shared Storage on https://www.googleadservices.com failed. @ https://www.googleadservices.com/pagead/managed/js/activeview/current/reach_worklet.html:0
[    2660ms] [ERROR] Attestation check for Shared Storage on https://www.googleadservices.com failed. @ https://www.googleadservices.com/pagead/managed/js/activeview/current/reach_worklet.html:0
[    2682ms] [ERROR] Attestation check for Shared Storage on https://www.googleadservices.com failed. @ https://www.googleadservices.com/pagead/managed/js/activeview/current/reach_worklet.html:0
[    2683ms] [ERROR] Attestation check for Shared Storage on https://www.googleadservices.com failed. @ https://www.googleadservices.com/pagead/managed/js/activeview/current/reach_worklet.html:0
[    2684ms] [ERROR] Attestation check for Shared Storage on https://www.googleadservices.com failed. @ https://www.googleadservices.com/pagead/managed/js/activeview/current/reach_worklet.html:0
[    2686ms] [ERROR] Attestation check for Shared Storage on https://www.googleadservices.com failed. @ https://www.googleadservices.com/pagead/managed/js/activeview/current/reach_worklet.html:0
[    2777ms] [ERROR] Attestation check for Shared Storage on https://www.googleadservices.com failed. @ https://www.googleadservices.com/pagead/managed/js/activeview/current/reach_worklet.html:0
[    4980ms] [ERROR] Attestation check for Shared Storage on https://www.googleadservices.com failed. @ https://www.googleadservices.com/pagead/managed/js/activeview/current/reach_worklet.html:0
[    5027ms] [ERROR] Attestation check for Shared Storage on https://www.googleadservices.com failed. @ https://www.googleadservices.com/pagead/managed/js/activeview/current/reach_worklet.html:0
[    5172ms] [ERROR] Attestation check for Shared Storage on https://www.googleadservices.com failed. @ https://www.googleadservices.com/pagead/managed/js/activeview/current/reach_worklet.html:0
[    5266ms] [ERROR] Attestation check for Shared Storage on https://www.googleadservices.com failed. @ https://www.googleadservices.com/pagead/managed/js/activeview/current/reach_worklet.html:0
[    5538ms] [ERROR] Attestation check for Shared Storage on https://www.googleadservices.com failed. @ https://www.googleadservices.com/pagead/managed/js/activeview/current/reach_worklet.html:0
[    5559ms] [ERROR] Attestation check for Shared Storage on https://www.googleadservices.com failed. @ https://www.googleadservices.com/pagead/managed/js/activeview/current/reach_worklet.html:0
[    2660ms] [ERROR] Attestation check for Shared Storage on https://www.googleadservices.com failed. @ https://www.googleadservices.com/pagead/managed/js/activeview/current/reach_worklet.html:0
[    2682ms] [ERROR] Attestation check for Shared Storage on https://www.googleadservices.com failed. @ https://www.googleadservices.com/pagead/managed/js/activeview/current/reach_worklet.html:0
[    2683ms] [ERROR] Attestation check for Shared Storage on https://www.googleadservices.com failed. @ https://www.googleadservices.com/pagead/managed/js/activeview/current/reach_worklet.html:0
[    2684ms] [ERROR] Attestation check for Shared Storage on https://www.googleadservices.com failed. @ https://www.googleadservices.com/pagead/managed/js/activeview/current/reach_worklet.html:0
[    2686ms] [ERROR] Attestation check for Shared Storage on https://www.googleadservices.com failed. @ https://www.googleadservices.com/pagead/managed/js/activeview/current/reach_worklet.html:0
[    2777ms] [ERROR] Attestation check for Shared Storage on https://www.googleadservices.com failed. @ https://www.googleadservices.com/pagead/managed/js/activeview/current/reach_worklet.html:0
[    4980ms] [ERROR] Attestation check for Shared Storage on https://www.googleadservices.com failed. @ https://www.googleadservices.com/pagead/managed/js/activeview/current/reach_worklet.html:0
[    5027ms] [ERROR] Attestation check for Shared Storage on https://www.googleadservices.com failed. @ https://www.googleadservices.com/pagead/managed/js/activeview/current/reach_worklet.html:0
[    5172ms] [ERROR] Attestation check for Shared Storage on https://www.googleadservices.com failed. @ https://www.googleadservices.com/pagead/managed/js/activeview/current/reach_worklet.html:0
[    5266ms] [ERROR] Attestation check for Shared Storage on https://www.googleadservices.com failed. @ https://www.googleadservices.com/pagead/managed/js/activeview/current/reach_worklet.html:0
[    5538ms] [ERROR] Attestation check for Shared Storage on https://www.googleadservices.com failed. @ https://www.googleadservices.com/pagead/managed/js/activeview/current/reach_worklet.html:0
[    5559ms] [ERROR] Attestation check for Shared Storage on https://www.googleadservices.com failed. @ https://www.googleadservices.com/pagead/managed/js/activeview/current/reach_worklet.html:0
[    5610ms] [DIR] SyntaxError @ https://cadmus.script.ac/dqwlj5vju67vs/script.js:0
[    5622ms] [ERROR] Attestation check for Shared Storage on https://www.googleadservices.com failed. @ https://www.googleadservices.com/pagead/managed/js/activeview/current/reach_worklet.html:0
[    2660ms] [ERROR] Attestation check for Shared Storage on https://www.googleadservices.com failed. @ https://www.googleadservices.com/pagead/managed/js/activeview/current/reach_worklet.html:0
[    2682ms] [ERROR] Attestation check for Shared Storage on https://www.googleadservices.com failed. @ https://www.googleadservices.com/pagead/managed/js/activeview/current/reach_worklet.html:0
[    2683ms] [ERROR] Attestation check for Shared Storage on https://www.googleadservices.com failed. @ https://www.googleadservices.com/pagead/managed/js/activeview/current/reach_worklet.html:0
[    2684ms] [ERROR] Attestation check for Shared Storage on https://www.googleadservices.com failed. @ https://www.googleadservices.com/pagead/managed/js/activeview/current/reach_worklet.html:0
[    2686ms] [ERROR] Attestation check for Shared Storage on https://www.googleadservices.com failed. @ https://www.googleadservices.com/pagead/managed/js/activeview/current/reach_worklet.html:0
[    2777ms] [ERROR] Attestation check for Shared Storage on https://www.googleadservices.com failed. @ https://www.googleadservices.com/pagead/managed/js/activeview/current/reach_worklet.html:0
[    4980ms] [ERROR] Attestation check for Shared Storage on https://www.googleadservices.com failed. @ https://www.googleadservices.com/pagead/managed/js/activeview/current/reach_worklet.html:0
[    5027ms] [ERROR] Attestation check for Shared Storage on https://www.googleadservices.com failed. @ https://www.googleadservices.com/pagead/managed/js/activeview/current/reach_worklet.html:0
[    5172ms] [ERROR] Attestation check for Shared Storage on https://www.googleadservices.com failed. @ https://www.googleadservices.com/pagead/managed/js/activeview/current/reach_worklet.html:0
[    5266ms] [ERROR] Attestation check for Shared Storage on https://www.googleadservices.com failed. @ https://www.googleadservices.com/pagead/managed/js/activeview/current/reach_worklet.html:0
[    5538ms] [ERROR] Attestation check for Shared Storage on https://www.googleadservices.com failed. @ https://www.googleadservices.com/pagead/managed/js/activeview/current/reach_worklet.html:0
[    5559ms] [ERROR] Attestation check for Shared Storage on https://www.googleadservices.com failed. @ https://www.googleadservices.com/pagead/managed/js/activeview/current/reach_worklet.html:0
[    5622ms] [ERROR] Attestation check for Shared Storage on https://www.googleadservices.com failed. @ https://www.googleadservices.com/pagead/managed/js/activeview/current/reach_worklet.html:0
[    5752ms] [ERROR] Failed to load resource: net::ERR_NAME_NOT_RESOLVED @ https://sync.search.spotxchange.com/partner?adv_id=7025&uid=CAESELzCH6ZmuS4rcOgnC4psRqU&google_cver=1:0
[    5752ms] [ERROR] Failed to load resource: net::ERR_NAME_NOT_RESOLVED @ https://sync.search.spotxchange.com/partner?adv_id=7025&redir=https%3A%2F%2Fcm.g.doubleclick.net%2Fpixel%3Fgoogle_nid%3Dspotxchange_dbm%26google_hm%3D%24SPOTX_BASE64_USER_ID:0
[    5781ms] [ERROR] Attestation check for Shared Storage on https://www.googleadservices.com failed. @ https://www.googleadservices.com/pagead/managed/js/activeview/current/reach_worklet.html:0
[    5816ms] [ERROR] Attestation check for Shared Storage on https://www.googleadservices.com failed. @ https://www.googleadservices.com/pagead/managed/js/activeview/current/reach_worklet.html:0
[    5923ms] [ERROR] Refused to execute script from 'https://d2ogoirb28wat7.cloudfront.net/b-2e7c324-d1f60bd5.js' because its MIME type ('image/gif') is not executable. @ https://d2ogoirb28wat7.cloudfront.net/b-0d6ee0c-d62ddfac.js:0
[    5985ms] [WARNING] You are using deprecated show_ads.js script to display AdSense ads. To improve performance of your ads switch to the modern adsbygoogle.js script. See instructions on https://support.google.com/adsense/answer/9190028. @ https://pagead2.googlesyndication.com/pagead/show_ads.js:52
[    2660ms] [ERROR] Attestation check for Shared Storage on https://www.googleadservices.com failed. @ https://www.googleadservices.com/pagead/managed/js/activeview/current/reach_worklet.html:0
[    2682ms] [ERROR] Attestation check for Shared Storage on https://www.googleadservices.com failed. @ https://www.googleadservices.com/pagead/managed/js/activeview/current/reach_worklet.html:0
[    2683ms] [ERROR] Attestation check for Shared Storage on https://www.googleadservices.com failed. @ https://www.googleadservices.com/pagead/managed/js/activeview/current/reach_worklet.html:0
[    2684ms] [ERROR] Attestation check for Shared Storage on https://www.googleadservices.com failed. @ https://www.googleadservices.com/pagead/managed/js/activeview/current/reach_worklet.html:0
[    2686ms] [ERROR] Attestation check for Shared Storage on https://www.googleadservices.com failed. @ https://www.googleadservices.com/pagead/managed/js/activeview/current/reach_worklet.html:0
[    2777ms] [ERROR] Attestation check for Shared Storage on https://www.googleadservices.com failed. @ https://www.googleadservices.com/pagead/managed/js/activeview/current/reach_worklet.html:0
[    4980ms] [ERROR] Attestation check for Shared Storage on https://www.googleadservices.com failed. @ https://www.googleadservices.com/pagead/managed/js/activeview/current/reach_worklet.html:0
[    5027ms] [ERROR] Attestation check for Shared Storage on https://www.googleadservices.com failed. @ https://www.googleadservices.com/pagead/managed/js/activeview/current/reach_worklet.html:0
[    5172ms] [ERROR] Attestation check for Shared Storage on https://www.googleadservices.com failed. @ https://www.googleadservices.com/pagead/managed/js/activeview/current/reach_worklet.html:0
[    5266ms] [ERROR] Attestation check for Shared Storage on https://www.googleadservices.com failed. @ https://www.googleadservices.com/pagead/managed/js/activeview/current/reach_worklet.html:0
[    5538ms] [ERROR] Attestation check for Shared Storage on https://www.googleadservices.com failed. @ https://www.googleadservices.com/pagead/managed/js/activeview/current/reach_worklet.html:0
[    5559ms] [ERROR] Attestation check for Shared Storage on https://www.googleadservices.com failed. @ https://www.googleadservices.com/pagead/managed/js/activeview/current/reach_worklet.html:0
[    5622ms] [ERROR] Attestation check for Shared Storage on https://www.googleadservices.com failed. @ https://www.googleadservices.com/pagead/managed/js/activeview/current/reach_worklet.html:0
[    5781ms] [ERROR] Attestation check for Shared Storage on https://www.googleadservices.com failed. @ https://www.googleadservices.com/pagead/managed/js/activeview/current/reach_worklet.html:0
[    5816ms] [ERROR] Attestation check for Shared Storage on https://www.googleadservices.com failed. @ https://www.googleadservices.com/pagead/managed/js/activeview/current/reach_worklet.html:0
[    5752ms] [ERROR] Failed to load resource: net::ERR_NAME_NOT_RESOLVED @ https://sync.search.spotxchange.com/partner?adv_id=7025&uid=CAESELzCH6ZmuS4rcOgnC4psRqU&google_cver=1:0
[    5752ms] [ERROR] Failed to load resource: net::ERR_NAME_NOT_RESOLVED @ https://sync.search.spotxchange.com/partner?adv_id=7025&redir=https%3A%2F%2Fcm.g.doubleclick.net%2Fpixel%3Fgoogle_nid%3Dspotxchange_dbm%26google_hm%3D%24SPOTX_BASE64_USER_ID:0
[    6062ms] [ERROR] Attestation check for Shared Storage on https://www.googleadservices.com failed. @ https://www.googleadservices.com/pagead/managed/js/activeview/current/reach_worklet.html:0
[    2660ms] [ERROR] Attestation check for Shared Storage on https://www.googleadservices.com failed. @ https://www.googleadservices.com/pagead/managed/js/activeview/current/reach_worklet.html:0
[    2682ms] [ERROR] Attestation check for Shared Storage on https://www.googleadservices.com failed. @ https://www.googleadservices.com/pagead/managed/js/activeview/current/reach_worklet.html:0
[    2683ms] [ERROR] Attestation check for Shared Storage on https://www.googleadservices.com failed. @ https://www.googleadservices.com/pagead/managed/js/activeview/current/reach_worklet.html:0
[    2684ms] [ERROR] Attestation check for Shared Storage on https://www.googleadservices.com failed. @ https://www.googleadservices.com/pagead/managed/js/activeview/current/reach_worklet.html:0
[    2686ms] [ERROR] Attestation check for Shared Storage on https://www.googleadservices.com failed. @ https://www.googleadservices.com/pagead/managed/js/activeview/current/reach_worklet.html:0
[    2777ms] [ERROR] Attestation check for Shared Storage on https://www.googleadservices.com failed. @ https://www.googleadservices.com/pagead/managed/js/activeview/current/reach_worklet.html:0
[    4980ms] [ERROR] Attestation check for Shared Storage on https://www.googleadservices.com failed. @ https://www.googleadservices.com/pagead/managed/js/activeview/current/reach_worklet.html:0
[    5027ms] [ERROR] Attestation check for Shared Storage on https://www.googleadservices.com failed. @ https://www.googleadservices.com/pagead/managed/js/activeview/current/reach_worklet.html:0
[    5172ms] [ERROR] Attestation check for Shared Storage on https://www.googleadservices.com failed. @ https://www.googleadservices.com/pagead/managed/js/activeview/current/reach_worklet.html:0
[    5266ms] [ERROR] Attestation check for Shared Storage on https://www.googleadservices.com failed. @ https://www.googleadservices.com/pagead/managed/js/activeview/current/reach_worklet.html:0
[    5538ms] [ERROR] Attestation check for Shared Storage on https://www.googleadservices.com failed. @ https://www.googleadservices.com/pagead/managed/js/activeview/current/reach_worklet.html:0
[    5559ms] [ERROR] Attestation check for Shared Storage on https://www.googleadservices.com failed. @ https://www.googleadservices.com/pagead/managed/js/activeview/current/reach_worklet.html:0
[    5622ms] [ERROR] Attestation check for Shared Storage on https://www.googleadservices.com failed. @ https://www.googleadservices.com/pagead/managed/js/activeview/current/reach_worklet.html:0
[    5781ms] [ERROR] Attestation check for Shared Storage on https://www.googleadservices.com failed. @ https://www.googleadservices.com/pagead/managed/js/activeview/current/reach_worklet.html:0
[    5816ms] [ERROR] Attestation check for Shared Storage on https://www.googleadservices.com failed. @ https://www.googleadservices.com/pagead/managed/js/activeview/current/reach_worklet.html:0
[    6062ms] [ERROR] Attestation check for Shared Storage on https://www.googleadservices.com failed. @ https://www.googleadservices.com/pagead/managed/js/activeview/current/reach_worklet.html:0
[    6307ms] [WARNING] You are using deprecated show_ads.js script to display AdSense ads. To improve performance of your ads switch to the modern adsbygoogle.js script. See instructions on https://support.google.com/adsense/answer/9190028. @ https://pagead2.googlesyndication.com/pagead/show_ads.js:52
[    6310ms] [ERROR] Attestation check for Shared Storage on https://www.googleadservices.com failed. @ https://www.googleadservices.com/pagead/managed/js/activeview/current/reach_worklet.html:0
[    5752ms] [ERROR] Failed to load resource: net::ERR_NAME_NOT_RESOLVED @ https://sync.search.spotxchange.com/partner?adv_id=7025&uid=CAESELzCH6ZmuS4rcOgnC4psRqU&google_cver=1:0
[    5752ms] [ERROR] Failed to load resource: net::ERR_NAME_NOT_RESOLVED @ https://sync.search.spotxchange.com/partner?adv_id=7025&redir=https%3A%2F%2Fcm.g.doubleclick.net%2Fpixel%3Fgoogle_nid%3Dspotxchange_dbm%26google_hm%3D%24SPOTX_BASE64_USER_ID:0
[    2660ms] [ERROR] Attestation check for Shared Storage on https://www.googleadservices.com failed. @ https://www.googleadservices.com/pagead/managed/js/activeview/current/reach_worklet.html:0
[    2682ms] [ERROR] Attestation check for Shared Storage on https://www.googleadservices.com failed. @ https://www.googleadservices.com/pagead/managed/js/activeview/current/reach_worklet.html:0
[    2683ms] [ERROR] Attestation check for Shared Storage on https://www.googleadservices.com failed. @ https://www.googleadservices.com/pagead/managed/js/activeview/current/reach_worklet.html:0
[    2684ms] [ERROR] Attestation check for Shared Storage on https://www.googleadservices.com failed. @ https://www.googleadservices.com/pagead/managed/js/activeview/current/reach_worklet.html:0
[    2686ms] [ERROR] Attestation check for Shared Storage on https://www.googleadservices.com failed. @ https://www.googleadservices.com/pagead/managed/js/activeview/current/reach_worklet.html:0
[    2777ms] [ERROR] Attestation check for Shared Storage on https://www.googleadservices.com failed. @ https://www.googleadservices.com/pagead/managed/js/activeview/current/reach_worklet.html:0
[    4980ms] [ERROR] Attestation check for Shared Storage on https://www.googleadservices.com failed. @ https://www.googleadservices.com/pagead/managed/js/activeview/current/reach_worklet.html:0
[    5027ms] [ERROR] Attestation check for Shared Storage on https://www.googleadservices.com failed. @ https://www.googleadservices.com/pagead/managed/js/activeview/current/reach_worklet.html:0
[    5172ms] [ERROR] Attestation check for Shared Storage on https://www.googleadservices.com failed. @ https://www.googleadservices.com/pagead/managed/js/activeview/current/reach_worklet.html:0
[    5266ms] [ERROR] Attestation check for Shared Storage on https://www.googleadservices.com failed. @ https://www.googleadservices.com/pagead/managed/js/activeview/current/reach_worklet.html:0
[    5538ms] [ERROR] Attestation check for Shared Storage on https://www.googleadservices.com failed. @ https://www.googleadservices.com/pagead/managed/js/activeview/current/reach_worklet.html:0
[    5559ms] [ERROR] Attestation check for Shared Storage on https://www.googleadservices.com failed. @ https://www.googleadservices.com/pagead/managed/js/activeview/current/reach_worklet.html:0
[    5622ms] [ERROR] Attestation check for Shared Storage on https://www.googleadservices.com failed. @ https://www.googleadservices.com/pagead/managed/js/activeview/current/reach_worklet.html:0
[    5781ms] [ERROR] Attestation check for Shared Storage on https://www.googleadservices.com failed. @ https://www.googleadservices.com/pagead/managed/js/activeview/current/reach_worklet.html:0
[    5816ms] [ERROR] Attestation check for Shared Storage on https://www.googleadservices.com failed. @ https://www.googleadservices.com/pagead/managed/js/activeview/current/reach_worklet.html:0
[    6062ms] [ERROR] Attestation check for Shared Storage on https://www.googleadservices.com failed. @ https://www.googleadservices.com/pagead/managed/js/activeview/current/reach_worklet.html:0
[    6310ms] [ERROR] Attestation check for Shared Storage on https://www.googleadservices.com failed. @ https://www.googleadservices.com/pagead/managed/js/activeview/current/reach_worklet.html:0
[    5752ms] [ERROR] Failed to load resource: net::ERR_NAME_NOT_RESOLVED @ https://sync.search.spotxchange.com/partner?adv_id=7025&uid=CAESELzCH6ZmuS4rcOgnC4psRqU&google_cver=1:0
[    5752ms] [ERROR] Failed to load resource: net::ERR_NAME_NOT_RESOLVED @ https://sync.search.spotxchange.com/partner?adv_id=7025&redir=https%3A%2F%2Fcm.g.doubleclick.net%2Fpixel%3Fgoogle_nid%3Dspotxchange_dbm%26google_hm%3D%24SPOTX_BASE64_USER_ID:0
[    6489ms] [ERROR] Attestation check for Shared Storage on https://www.googleadservices.com failed. @ https://www.googleadservices.com/pagead/managed/js/activeview/current/reach_worklet.html:0
[    6579ms] [ERROR] Access to fetch at 'https://bpb.opendns.com/b/https/id.a-mx.com/sync?tao=1&&uid=ceef8c68-a2aa-47d9-81f7-e1dcc3a82025' (redirected from 'https://id.a-mx.com/sync?tao=1&&uid=ceef8c68-a2aa-47d9-81f7-e1dcc3a82025') from origin 'https://prebid.a-mo.net' has been blocked by CORS policy: The value of the 'Access-Control-Allow-Origin' header in the response must not be the wildcard '*' when the request's credentials mode is 'include'. @ https://prebid.a-mo.net/isyn?gdpr_consent=&gdpr=0&us_privacy=1---&gpp=&gpp_sid=:0
[    6579ms] [ERROR] Failed to load resource: net::ERR_FAILED @ https://bpb.opendns.com/b/https/id.a-mx.com/sync?tao=1&&uid=ceef8c68-a2aa-47d9-81f7-e1dcc3a82025:0
[    5752ms] [ERROR] Failed to load resource: net::ERR_NAME_NOT_RESOLVED @ https://sync.search.spotxchange.com/partner?adv_id=7025&uid=CAESELzCH6ZmuS4rcOgnC4psRqU&google_cver=1:0
[    5752ms] [ERROR] Failed to load resource: net::ERR_NAME_NOT_RESOLVED @ https://sync.search.spotxchange.com/partner?adv_id=7025&redir=https%3A%2F%2Fcm.g.doubleclick.net%2Fpixel%3Fgoogle_nid%3Dspotxchange_dbm%26google_hm%3D%24SPOTX_BASE64_USER_ID:0
[    6922ms] [ERROR] Refused to execute script from 'https://d2ogoirb28wat7.cloudfront.net/b-2e7c324-d1f60bd5.js' because its MIME type ('image/gif') is not executable. @ https://d2ogoirb28wat7.cloudfront.net/b-0d6ee0c-d62ddfac.js:0
[    2660ms] [ERROR] Attestation check for Shared Storage on https://www.googleadservices.com failed. @ https://www.googleadservices.com/pagead/managed/js/activeview/current/reach_worklet.html:0
[    2682ms] [ERROR] Attestation check for Shared Storage on https://www.googleadservices.com failed. @ https://www.googleadservices.com/pagead/managed/js/activeview/current/reach_worklet.html:0
[    2683ms] [ERROR] Attestation check for Shared Storage on https://www.googleadservices.com failed. @ https://www.googleadservices.com/pagead/managed/js/activeview/current/reach_worklet.html:0
[    2684ms] [ERROR] Attestation check for Shared Storage on https://www.googleadservices.com failed. @ https://www.googleadservices.com/pagead/managed/js/activeview/current/reach_worklet.html:0
[    2686ms] [ERROR] Attestation check for Shared Storage on https://www.googleadservices.com failed. @ https://www.googleadservices.com/pagead/managed/js/activeview/current/reach_worklet.html:0
[    2777ms] [ERROR] Attestation check for Shared Storage on https://www.googleadservices.com failed. @ https://www.googleadservices.com/pagead/managed/js/activeview/current/reach_worklet.html:0
[    4980ms] [ERROR] Attestation check for Shared Storage on https://www.googleadservices.com failed. @ https://www.googleadservices.com/pagead/managed/js/activeview/current/reach_worklet.html:0
[    5027ms] [ERROR] Attestation check for Shared Storage on https://www.googleadservices.com failed. @ https://www.googleadservices.com/pagead/managed/js/activeview/current/reach_worklet.html:0
[    5172ms] [ERROR] Attestation check for Shared Storage on https://www.googleadservices.com failed. @ https://www.googleadservices.com/pagead/managed/js/activeview/current/reach_worklet.html:0
[    5266ms] [ERROR] Attestation check for Shared Storage on https://www.googleadservices.com failed. @ https://www.googleadservices.com/pagead/managed/js/activeview/current/reach_worklet.html:0
[    5538ms] [ERROR] Attestation check for Shared Storage on https://www.googleadservices.com failed. @ https://www.googleadservices.com/pagead/managed/js/activeview/current/reach_worklet.html:0
[    5559ms] [ERROR] Attestation check for Shared Storage on https://www.googleadservices.com failed. @ https://www.googleadservices.com/pagead/managed/js/activeview/current/reach_worklet.html:0
[    5622ms] [ERROR] Attestation check for Shared Storage on https://www.googleadservices.com failed. @ https://www.googleadservices.com/pagead/managed/js/activeview/current/reach_worklet.html:0
[    5781ms] [ERROR] Attestation check for Shared Storage on https://www.googleadservices.com failed. @ https://www.googleadservices.com/pagead/managed/js/activeview/current/reach_worklet.html:0
[    5816ms] [ERROR] Attestation check for Shared Storage on https://www.googleadservices.com failed. @ https://www.googleadservices.com/pagead/managed/js/activeview/current/reach_worklet.html:0
[    6062ms] [ERROR] Attestation check for Shared Storage on https://www.googleadservices.com failed. @ https://www.googleadservices.com/pagead/managed/js/activeview/current/reach_worklet.html:0
[    6310ms] [ERROR] Attestation check for Shared Storage on https://www.googleadservices.com failed. @ https://www.googleadservices.com/pagead/managed/js/activeview/current/reach_worklet.html:0
[    6489ms] [ERROR] Attestation check for Shared Storage on https://www.googleadservices.com failed. @ https://www.googleadservices.com/pagead/managed/js/activeview/current/reach_worklet.html:0
[    7000ms] [ERROR] Attestation check for Shared Storage on https://www.googleadservices.com failed. @ https://www.googleadservices.com/pagead/managed/js/activeview/current/reach_worklet.html:0
[    5752ms] [ERROR] Failed to load resource: net::ERR_NAME_NOT_RESOLVED @ https://sync.search.spotxchange.com/partner?adv_id=7025&uid=CAESELzCH6ZmuS4rcOgnC4psRqU&google_cver=1:0
[    5752ms] [ERROR] Failed to load resource: net::ERR_NAME_NOT_RESOLVED @ https://sync.search.spotxchange.com/partner?adv_id=7025&redir=https%3A%2F%2Fcm.g.doubleclick.net%2Fpixel%3Fgoogle_nid%3Dspotxchange_dbm%26google_hm%3D%24SPOTX_BASE64_USER_ID:0
[    2660ms] [ERROR] Attestation check for Shared Storage on https://www.googleadservices.com failed. @ https://www.googleadservices.com/pagead/managed/js/activeview/current/reach_worklet.html:0
[    2682ms] [ERROR] Attestation check for Shared Storage on https://www.googleadservices.com failed. @ https://www.googleadservices.com/pagead/managed/js/activeview/current/reach_worklet.html:0
[    2683ms] [ERROR] Attestation check for Shared Storage on https://www.googleadservices.com failed. @ https://www.googleadservices.com/pagead/managed/js/activeview/current/reach_worklet.html:0
[    2684ms] [ERROR] Attestation check for Shared Storage on https://www.googleadservices.com failed. @ https://www.googleadservices.com/pagead/managed/js/activeview/current/reach_worklet.html:0
[    2686ms] [ERROR] Attestation check for Shared Storage on https://www.googleadservices.com failed. @ https://www.googleadservices.com/pagead/managed/js/activeview/current/reach_worklet.html:0
[    2777ms] [ERROR] Attestation check for Shared Storage on https://www.googleadservices.com failed. @ https://www.googleadservices.com/pagead/managed/js/activeview/current/reach_worklet.html:0
[    4980ms] [ERROR] Attestation check for Shared Storage on https://www.googleadservices.com failed. @ https://www.googleadservices.com/pagead/managed/js/activeview/current/reach_worklet.html:0
[    5027ms] [ERROR] Attestation check for Shared Storage on https://www.googleadservices.com failed. @ https://www.googleadservices.com/pagead/managed/js/activeview/current/reach_worklet.html:0
[    5172ms] [ERROR] Attestation check for Shared Storage on https://www.googleadservices.com failed. @ https://www.googleadservices.com/pagead/managed/js/activeview/current/reach_worklet.html:0
[    5266ms] [ERROR] Attestation check for Shared Storage on https://www.googleadservices.com failed. @ https://www.googleadservices.com/pagead/managed/js/activeview/current/reach_worklet.html:0
[    5538ms] [ERROR] Attestation check for Shared Storage on https://www.googleadservices.com failed. @ https://www.googleadservices.com/pagead/managed/js/activeview/current/reach_worklet.html:0
[    5559ms] [ERROR] Attestation check for Shared Storage on https://www.googleadservices.com failed. @ https://www.googleadservices.com/pagead/managed/js/activeview/current/reach_worklet.html:0
[    5622ms] [ERROR] Attestation check for Shared Storage on https://www.googleadservices.com failed. @ https://www.googleadservices.com/pagead/managed/js/activeview/current/reach_worklet.html:0
[    5781ms] [ERROR] Attestation check for Shared Storage on https://www.googleadservices.com failed. @ https://www.googleadservices.com/pagead/managed/js/activeview/current/reach_worklet.html:0
[    5816ms] [ERROR] Attestation check for Shared Storage on https://www.googleadservices.com failed. @ https://www.googleadservices.com/pagead/managed/js/activeview/current/reach_worklet.html:0
[    6062ms] [ERROR] Attestation check for Shared Storage on https://www.googleadservices.com failed. @ https://www.googleadservices.com/pagead/managed/js/activeview/current/reach_worklet.html:0
[    6310ms] [ERROR] Attestation check for Shared Storage on https://www.googleadservices.com failed. @ https://www.googleadservices.com/pagead/managed/js/activeview/current/reach_worklet.html:0
[    6489ms] [ERROR] Attestation check for Shared Storage on https://www.googleadservices.com failed. @ https://www.googleadservices.com/pagead/managed/js/activeview/current/reach_worklet.html:0
[    7000ms] [ERROR] Attestation check for Shared Storage on https://www.googleadservices.com failed. @ https://www.googleadservices.com/pagead/managed/js/activeview/current/reach_worklet.html:0
[    7234ms] [ERROR] Attestation check for Shared Storage on https://www.googleadservices.com failed. @ https://www.googleadservices.com/pagead/managed/js/activeview/current/reach_worklet.html:0
[    6579ms] [ERROR] Access to fetch at 'https://bpb.opendns.com/b/https/id.a-mx.com/sync?tao=1&&uid=ceef8c68-a2aa-47d9-81f7-e1dcc3a82025' (redirected from 'https://id.a-mx.com/sync?tao=1&&uid=ceef8c68-a2aa-47d9-81f7-e1dcc3a82025') from origin 'https://prebid.a-mo.net' has been blocked by CORS policy: The value of the 'Access-Control-Allow-Origin' header in the response must not be the wildcard '*' when the request's credentials mode is 'include'. @ https://prebid.a-mo.net/isyn?gdpr_consent=&gdpr=0&us_privacy=1---&gpp=&gpp_sid=:0
[    6579ms] [ERROR] Failed to load resource: net::ERR_FAILED @ https://bpb.opendns.com/b/https/id.a-mx.com/sync?tao=1&&uid=ceef8c68-a2aa-47d9-81f7-e1dcc3a82025:0
[    7640ms] [ERROR] Access to fetch at 'https://bpb.opendns.com/b/https/id.a-mx.com/sync?tao=1&&uid=ceef8c68-a2aa-47d9-81f7-e1dcc3a82025' (redirected from 'https://id.a-mx.com/sync?tao=1&&uid=ceef8c68-a2aa-47d9-81f7-e1dcc3a82025') from origin 'https://prebid.a-mo.net' has been blocked by CORS policy: The value of the 'Access-Control-Allow-Origin' header in the response must not be the wildcard '*' when the request's credentials mode is 'include'. @ https://prebid.a-mo.net/isyn?gdpr_consent=&gdpr=0&us_privacy=1---&gpp=&gpp_sid=:0
[    7640ms] [ERROR] Failed to load resource: net::ERR_FAILED @ https://bpb.opendns.com/b/https/id.a-mx.com/sync?tao=1&&uid=ceef8c68-a2aa-47d9-81f7-e1dcc3a82025:0
[    7890ms] [ERROR] Refused to execute script from 'https://d2ogoirb28wat7.cloudfront.net/b-2e7c324-d1f60bd5.js' because its MIME type ('image/gif') is not executable. @ https://d2ogoirb28wat7.cloudfront.net/b-0d6ee0c-d62ddfac.js:0
[    2660ms] [ERROR] Attestation check for Shared Storage on https://www.googleadservices.com failed. @ https://www.googleadservices.com/pagead/managed/js/activeview/current/reach_worklet.html:0
[    2682ms] [ERROR] Attestation check for Shared Storage on https://www.googleadservices.com failed. @ https://www.googleadservices.com/pagead/managed/js/activeview/current/reach_worklet.html:0
[    2683ms] [ERROR] Attestation check for Shared Storage on https://www.googleadservices.com failed. @ https://www.googleadservices.com/pagead/managed/js/activeview/current/reach_worklet.html:0
[    2684ms] [ERROR] Attestation check for Shared Storage on https://www.googleadservices.com failed. @ https://www.googleadservices.com/pagead/managed/js/activeview/current/reach_worklet.html:0
[    2686ms] [ERROR] Attestation check for Shared Storage on https://www.googleadservices.com failed. @ https://www.googleadservices.com/pagead/managed/js/activeview/current/reach_worklet.html:0
[    2777ms] [ERROR] Attestation check for Shared Storage on https://www.googleadservices.com failed. @ https://www.googleadservices.com/pagead/managed/js/activeview/current/reach_worklet.html:0
[    4980ms] [ERROR] Attestation check for Shared Storage on https://www.googleadservices.com failed. @ https://www.googleadservices.com/pagead/managed/js/activeview/current/reach_worklet.html:0
[    5027ms] [ERROR] Attestation check for Shared Storage on https://www.googleadservices.com failed. @ https://www.googleadservices.com/pagead/managed/js/activeview/current/reach_worklet.html:0
[    5172ms] [ERROR] Attestation check for Shared Storage on https://www.googleadservices.com failed. @ https://www.googleadservices.com/pagead/managed/js/activeview/current/reach_worklet.html:0
[    5266ms] [ERROR] Attestation check for Shared Storage on https://www.googleadservices.com failed. @ https://www.googleadservices.com/pagead/managed/js/activeview/current/reach_worklet.html:0
[    5538ms] [ERROR] Attestation check for Shared Storage on https://www.googleadservices.com failed. @ https://www.googleadservices.com/pagead/managed/js/activeview/current/reach_worklet.html:0
[    5559ms] [ERROR] Attestation check for Shared Storage on https://www.googleadservices.com failed. @ https://www.googleadservices.com/pagead/managed/js/activeview/current/reach_worklet.html:0
[    5622ms] [ERROR] Attestation check for Shared Storage on https://www.googleadservices.com failed. @ https://www.googleadservices.com/pagead/managed/js/activeview/current/reach_worklet.html:0
[    5781ms] [ERROR] Attestation check for Shared Storage on https://www.googleadservices.com failed. @ https://www.googleadservices.com/pagead/managed/js/activeview/current/reach_worklet.html:0
[    5816ms] [ERROR] Attestation check for Shared Storage on https://www.googleadservices.com failed. @ https://www.googleadservices.com/pagead/managed/js/activeview/current/reach_worklet.html:0
[    6062ms] [ERROR] Attestation check for Shared Storage on https://www.googleadservices.com failed. @ https://www.googleadservices.com/pagead/managed/js/activeview/current/reach_worklet.html:0
[    6310ms] [ERROR] Attestation check for Shared Storage on https://www.googleadservices.com failed. @ https://www.googleadservices.com/pagead/managed/js/activeview/current/reach_worklet.html:0
[    6489ms] [ERROR] Attestation check for Shared Storage on https://www.googleadservices.com failed. @ https://www.googleadservices.com/pagead/managed/js/activeview/current/reach_worklet.html:0
[    7000ms] [ERROR] Attestation check for Shared Storage on https://www.googleadservices.com failed. @ https://www.googleadservices.com/pagead/managed/js/activeview/current/reach_worklet.html:0
[    7234ms] [ERROR] Attestation check for Shared Storage on https://www.googleadservices.com failed. @ https://www.googleadservices.com/pagead/managed/js/activeview/current/reach_worklet.html:0
[    7983ms] [ERROR] Attestation check for Shared Storage on https://www.googleadservices.com failed. @ https://www.googleadservices.com/pagead/managed/js/activeview/current/reach_worklet.html:0
[    5752ms] [ERROR] Failed to load resource: net::ERR_NAME_NOT_RESOLVED @ https://sync.search.spotxchange.com/partner?adv_id=7025&uid=CAESELzCH6ZmuS4rcOgnC4psRqU&google_cver=1:0
[    5752ms] [ERROR] Failed to load resource: net::ERR_NAME_NOT_RESOLVED @ https://sync.search.spotxchange.com/partner?adv_id=7025&redir=https%3A%2F%2Fcm.g.doubleclick.net%2Fpixel%3Fgoogle_nid%3Dspotxchange_dbm%26google_hm%3D%24SPOTX_BASE64_USER_ID:0
[    2660ms] [ERROR] Attestation check for Shared Storage on https://www.googleadservices.com failed. @ https://www.googleadservices.com/pagead/managed/js/activeview/current/reach_worklet.html:0
[    2682ms] [ERROR] Attestation check for Shared Storage on https://www.googleadservices.com failed. @ https://www.googleadservices.com/pagead/managed/js/activeview/current/reach_worklet.html:0
[    2683ms] [ERROR] Attestation check for Shared Storage on https://www.googleadservices.com failed. @ https://www.googleadservices.com/pagead/managed/js/activeview/current/reach_worklet.html:0
[    2684ms] [ERROR] Attestation check for Shared Storage on https://www.googleadservices.com failed. @ https://www.googleadservices.com/pagead/managed/js/activeview/current/reach_worklet.html:0
[    2686ms] [ERROR] Attestation check for Shared Storage on https://www.googleadservices.com failed. @ https://www.googleadservices.com/pagead/managed/js/activeview/current/reach_worklet.html:0
[    2777ms] [ERROR] Attestation check for Shared Storage on https://www.googleadservices.com failed. @ https://www.googleadservices.com/pagead/managed/js/activeview/current/reach_worklet.html:0
[    4980ms] [ERROR] Attestation check for Shared Storage on https://www.googleadservices.com failed. @ https://www.googleadservices.com/pagead/managed/js/activeview/current/reach_worklet.html:0
[    5027ms] [ERROR] Attestation check for Shared Storage on https://www.googleadservices.com failed. @ https://www.googleadservices.com/pagead/managed/js/activeview/current/reach_worklet.html:0
[    5172ms] [ERROR] Attestation check for Shared Storage on https://www.googleadservices.com failed. @ https://www.googleadservices.com/pagead/managed/js/activeview/current/reach_worklet.html:0
[    5266ms] [ERROR] Attestation check for Shared Storage on https://www.googleadservices.com failed. @ https://www.googleadservices.com/pagead/managed/js/activeview/current/reach_worklet.html:0
[    5538ms] [ERROR] Attestation check for Shared Storage on https://www.googleadservices.com failed. @ https://www.googleadservices.com/pagead/managed/js/activeview/current/reach_worklet.html:0
[    5559ms] [ERROR] Attestation check for Shared Storage on https://www.googleadservices.com failed. @ https://www.googleadservices.com/pagead/managed/js/activeview/current/reach_worklet.html:0
[    5622ms] [ERROR] Attestation check for Shared Storage on https://www.googleadservices.com failed. @ https://www.googleadservices.com/pagead/managed/js/activeview/current/reach_worklet.html:0
[    5781ms] [ERROR] Attestation check for Shared Storage on https://www.googleadservices.com failed. @ https://www.googleadservices.com/pagead/managed/js/activeview/current/reach_worklet.html:0
[    5816ms] [ERROR] Attestation check for Shared Storage on https://www.googleadservices.com failed. @ https://www.googleadservices.com/pagead/managed/js/activeview/current/reach_worklet.html:0
[    6062ms] [ERROR] Attestation check for Shared Storage on https://www.googleadservices.com failed. @ https://www.googleadservices.com/pagead/managed/js/activeview/current/reach_worklet.html:0
[    6310ms] [ERROR] Attestation check for Shared Storage on https://www.googleadservices.com failed. @ https://www.googleadservices.com/pagead/managed/js/activeview/current/reach_worklet.html:0
[    6489ms] [ERROR] Attestation check for Shared Storage on https://www.googleadservices.com failed. @ https://www.googleadservices.com/pagead/managed/js/activeview/current/reach_worklet.html:0
[    7000ms] [ERROR] Attestation check for Shared Storage on https://www.googleadservices.com failed. @ https://www.googleadservices.com/pagead/managed/js/activeview/current/reach_worklet.html:0
[    7234ms] [ERROR] Attestation check for Shared Storage on https://www.googleadservices.com failed. @ https://www.googleadservices.com/pagead/managed/js/activeview/current/reach_worklet.html:0
[    7983ms] [ERROR] Attestation check for Shared Storage on https://www.googleadservices.com failed. @ https://www.googleadservices.com/pagead/managed/js/activeview/current/reach_worklet.html:0
[    8084ms] [ERROR] Attestation check for Shared Storage on https://www.googleadservices.com failed. @ https://www.googleadservices.com/pagead/managed/js/activeview/current/reach_worklet.html:0
[    8092ms] [ERROR] Error decoding tpids in b-144: SyntaxError: Expected ':' after property name in JSON at position 5 (line 1 column 6)
    at JSON.parse (<anonymous>)
    at https://pxdrop.lijit.com/a/t_.htm?ver=1.2087.1178&cid=c026:1:2018
    at jsLib.onload (https://pxdrop.lijit.com/a/t_.htm?ver=1.2087.1178&cid=c026:1:3106) @ https://pxdrop.lijit.com/a/t_.htm?ver=1.2087.1178&cid=c026:0
[    8092ms] [ERROR] Error decoding tpids in b-13b: SyntaxError: Expected ':' after property name in JSON at position 5 (line 1 column 6)
    at JSON.parse (<anonymous>)
    at https://pxdrop.lijit.com/a/t_.htm?ver=1.2087.1178&cid=c026:1:1468
    at jsLib.onload (https://pxdrop.lijit.com/a/t_.htm?ver=1.2087.1178&cid=c026:1:2012) @ https://pxdrop.lijit.com/a/t_.htm?ver=1.2087.1178&cid=c026:0
[    8562ms] [ERROR] Refused to execute script from 'https://d2ogoirb28wat7.cloudfront.net/b-2e7c324-d1f60bd5.js' because its MIME type ('image/gif') is not executable. @ https://d2ogoirb28wat7.cloudfront.net/b-0d6ee0c-d62ddfac.js:0
[    2660ms] [ERROR] Attestation check for Shared Storage on https://www.googleadservices.com failed. @ https://www.googleadservices.com/pagead/managed/js/activeview/current/reach_worklet.html:0
[    2682ms] [ERROR] Attestation check for Shared Storage on https://www.googleadservices.com failed. @ https://www.googleadservices.com/pagead/managed/js/activeview/current/reach_worklet.html:0
[    2683ms] [ERROR] Attestation check for Shared Storage on https://www.googleadservices.com failed. @ https://www.googleadservices.com/pagead/managed/js/activeview/current/reach_worklet.html:0
[    2684ms] [ERROR] Attestation check for Shared Storage on https://www.googleadservices.com failed. @ https://www.googleadservices.com/pagead/managed/js/activeview/current/reach_worklet.html:0
[    2686ms] [ERROR] Attestation check for Shared Storage on https://www.googleadservices.com failed. @ https://www.googleadservices.com/pagead/managed/js/activeview/current/reach_worklet.html:0
[    2777ms] [ERROR] Attestation check for Shared Storage on https://www.googleadservices.com failed. @ https://www.googleadservices.com/pagead/managed/js/activeview/current/reach_worklet.html:0
[    4980ms] [ERROR] Attestation check for Shared Storage on https://www.googleadservices.com failed. @ https://www.googleadservices.com/pagead/managed/js/activeview/current/reach_worklet.html:0
[    5027ms] [ERROR] Attestation check for Shared Storage on https://www.googleadservices.com failed. @ https://www.googleadservices.com/pagead/managed/js/activeview/current/reach_worklet.html:0
[    5172ms] [ERROR] Attestation check for Shared Storage on https://www.googleadservices.com failed. @ https://www.googleadservices.com/pagead/managed/js/activeview/current/reach_worklet.html:0
[    5266ms] [ERROR] Attestation check for Shared Storage on https://www.googleadservices.com failed. @ https://www.googleadservices.com/pagead/managed/js/activeview/current/reach_worklet.html:0
[    5538ms] [ERROR] Attestation check for Shared Storage on https://www.googleadservices.com failed. @ https://www.googleadservices.com/pagead/managed/js/activeview/current/reach_worklet.html:0
[    5559ms] [ERROR] Attestation check for Shared Storage on https://www.googleadservices.com failed. @ https://www.googleadservices.com/pagead/managed/js/activeview/current/reach_worklet.html:0
[    5622ms] [ERROR] Attestation check for Shared Storage on https://www.googleadservices.com failed. @ https://www.googleadservices.com/pagead/managed/js/activeview/current/reach_worklet.html:0
[    5781ms] [ERROR] Attestation check for Shared Storage on https://www.googleadservices.com failed. @ https://www.googleadservices.com/pagead/managed/js/activeview/current/reach_worklet.html:0
[    5816ms] [ERROR] Attestation check for Shared Storage on https://www.googleadservices.com failed. @ https://www.googleadservices.com/pagead/managed/js/activeview/current/reach_worklet.html:0
[    6062ms] [ERROR] Attestation check for Shared Storage on https://www.googleadservices.com failed. @ https://www.googleadservices.com/pagead/managed/js/activeview/current/reach_worklet.html:0
[    6310ms] [ERROR] Attestation check for Shared Storage on https://www.googleadservices.com failed. @ https://www.googleadservices.com/pagead/managed/js/activeview/current/reach_worklet.html:0
[    6489ms] [ERROR] Attestation check for Shared Storage on https://www.googleadservices.com failed. @ https://www.googleadservices.com/pagead/managed/js/activeview/current/reach_worklet.html:0
[    7000ms] [ERROR] Attestation check for Shared Storage on https://www.googleadservices.com failed. @ https://www.googleadservices.com/pagead/managed/js/activeview/current/reach_worklet.html:0
[    7234ms] [ERROR] Attestation check for Shared Storage on https://www.googleadservices.com failed. @ https://www.googleadservices.com/pagead/managed/js/activeview/current/reach_worklet.html:0
[    7983ms] [ERROR] Attestation check for Shared Storage on https://www.googleadservices.com failed. @ https://www.googleadservices.com/pagead/managed/js/activeview/current/reach_worklet.html:0
[    8084ms] [ERROR] Attestation check for Shared Storage on https://www.googleadservices.com failed. @ https://www.googleadservices.com/pagead/managed/js/activeview/current/reach_worklet.html:0
[    8631ms] [ERROR] Attestation check for Shared Storage on https://www.googleadservices.com failed. @ https://www.googleadservices.com/pagead/managed/js/activeview/current/reach_worklet.html:0
[    5752ms] [ERROR] Failed to load resource: net::ERR_NAME_NOT_RESOLVED @ https://sync.search.spotxchange.com/partner?adv_id=7025&uid=CAESELzCH6ZmuS4rcOgnC4psRqU&google_cver=1:0
[    5752ms] [ERROR] Failed to load resource: net::ERR_NAME_NOT_RESOLVED @ https://sync.search.spotxchange.com/partner?adv_id=7025&redir=https%3A%2F%2Fcm.g.doubleclick.net%2Fpixel%3Fgoogle_nid%3Dspotxchange_dbm%26google_hm%3D%24SPOTX_BASE64_USER_ID:0
[    2660ms] [ERROR] Attestation check for Shared Storage on https://www.googleadservices.com failed. @ https://www.googleadservices.com/pagead/managed/js/activeview/current/reach_worklet.html:0
[    2682ms] [ERROR] Attestation check for Shared Storage on https://www.googleadservices.com failed. @ https://www.googleadservices.com/pagead/managed/js/activeview/current/reach_worklet.html:0
[    2683ms] [ERROR] Attestation check for Shared Storage on https://www.googleadservices.com failed. @ https://www.googleadservices.com/pagead/managed/js/activeview/current/reach_worklet.html:0
[    2684ms] [ERROR] Attestation check for Shared Storage on https://www.googleadservices.com failed. @ https://www.googleadservices.com/pagead/managed/js/activeview/current/reach_worklet.html:0
[    2686ms] [ERROR] Attestation check for Shared Storage on https://www.googleadservices.com failed. @ https://www.googleadservices.com/pagead/managed/js/activeview/current/reach_worklet.html:0
[    2777ms] [ERROR] Attestation check for Shared Storage on https://www.googleadservices.com failed. @ https://www.googleadservices.com/pagead/managed/js/activeview/current/reach_worklet.html:0
[    4980ms] [ERROR] Attestation check for Shared Storage on https://www.googleadservices.com failed. @ https://www.googleadservices.com/pagead/managed/js/activeview/current/reach_worklet.html:0
[    5027ms] [ERROR] Attestation check for Shared Storage on https://www.googleadservices.com failed. @ https://www.googleadservices.com/pagead/managed/js/activeview/current/reach_worklet.html:0
[    5172ms] [ERROR] Attestation check for Shared Storage on https://www.googleadservices.com failed. @ https://www.googleadservices.com/pagead/managed/js/activeview/current/reach_worklet.html:0
[    5266ms] [ERROR] Attestation check for Shared Storage on https://www.googleadservices.com failed. @ https://www.googleadservices.com/pagead/managed/js/activeview/current/reach_worklet.html:0
[    5538ms] [ERROR] Attestation check for Shared Storage on https://www.googleadservices.com failed. @ https://www.googleadservices.com/pagead/managed/js/activeview/current/reach_worklet.html:0
[    5559ms] [ERROR] Attestation check for Shared Storage on https://www.googleadservices.com failed. @ https://www.googleadservices.com/pagead/managed/js/activeview/current/reach_worklet.html:0
[    5622ms] [ERROR] Attestation check for Shared Storage on https://www.googleadservices.com failed. @ https://www.googleadservices.com/pagead/managed/js/activeview/current/reach_worklet.html:0
[    5781ms] [ERROR] Attestation check for Shared Storage on https://www.googleadservices.com failed. @ https://www.googleadservices.com/pagead/managed/js/activeview/current/reach_worklet.html:0
[    5816ms] [ERROR] Attestation check for Shared Storage on https://www.googleadservices.com failed. @ https://www.googleadservices.com/pagead/managed/js/activeview/current/reach_worklet.html:0
[    6062ms] [ERROR] Attestation check for Shared Storage on https://www.googleadservices.com failed. @ https://www.googleadservices.com/pagead/managed/js/activeview/current/reach_worklet.html:0
[    6310ms] [ERROR] Attestation check for Shared Storage on https://www.googleadservices.com failed. @ https://www.googleadservices.com/pagead/managed/js/activeview/current/reach_worklet.html:0
[    6489ms] [ERROR] Attestation check for Shared Storage on https://www.googleadservices.com failed. @ https://www.googleadservices.com/pagead/managed/js/activeview/current/reach_worklet.html:0
[    7000ms] [ERROR] Attestation check for Shared Storage on https://www.googleadservices.com failed. @ https://www.googleadservices.com/pagead/managed/js/activeview/current/reach_worklet.html:0
[    7234ms] [ERROR] Attestation check for Shared Storage on https://www.googleadservices.com failed. @ https://www.googleadservices.com/pagead/managed/js/activeview/current/reach_worklet.html:0
[    7983ms] [ERROR] Attestation check for Shared Storage on https://www.googleadservices.com failed. @ https://www.googleadservices.com/pagead/managed/js/activeview/current/reach_worklet.html:0
[    8084ms] [ERROR] Attestation check for Shared Storage on https://www.googleadservices.com failed. @ https://www.googleadservices.com/pagead/managed/js/activeview/current/reach_worklet.html:0
[    8631ms] [ERROR] Attestation check for Shared Storage on https://www.googleadservices.com failed. @ https://www.googleadservices.com/pagead/managed/js/activeview/current/reach_worklet.html:0
[    8951ms] [ERROR] Attestation check for Shared Storage on https://www.googleadservices.com failed. @ https://www.googleadservices.com/pagead/managed/js/activeview/current/reach_worklet.html:0
[    9034ms] [ERROR] Failed to load resource: net::ERR_NAME_NOT_RESOLVED @ https://tags.bluekai.com/site/2981?redir=https%3A%2F%2Fcm.g.doubleclick.net%2Fpixel%3Fgoogle_nid%3Dbluekai%26google_hm%3D%24_BK_UUID_B64:0
[    9522ms] [ERROR] Refused to execute script from 'https://d2ogoirb28wat7.cloudfront.net/b-2e7c324-d1f60bd5.js' because its MIME type ('image/gif') is not executable. @ https://d2ogoirb28wat7.cloudfront.net/b-0d6ee0c-d62ddfac.js:0
[    2660ms] [ERROR] Attestation check for Shared Storage on https://www.googleadservices.com failed. @ https://www.googleadservices.com/pagead/managed/js/activeview/current/reach_worklet.html:0
[    2682ms] [ERROR] Attestation check for Shared Storage on https://www.googleadservices.com failed. @ https://www.googleadservices.com/pagead/managed/js/activeview/current/reach_worklet.html:0
[    2683ms] [ERROR] Attestation check for Shared Storage on https://www.googleadservices.com failed. @ https://www.googleadservices.com/pagead/managed/js/activeview/current/reach_worklet.html:0
[    2684ms] [ERROR] Attestation check for Shared Storage on https://www.googleadservices.com failed. @ https://www.googleadservices.com/pagead/managed/js/activeview/current/reach_worklet.html:0
[    2686ms] [ERROR] Attestation check for Shared Storage on https://www.googleadservices.com failed. @ https://www.googleadservices.com/pagead/managed/js/activeview/current/reach_worklet.html:0
[    2777ms] [ERROR] Attestation check for Shared Storage on https://www.googleadservices.com failed. @ https://www.googleadservices.com/pagead/managed/js/activeview/current/reach_worklet.html:0
[    4980ms] [ERROR] Attestation check for Shared Storage on https://www.googleadservices.com failed. @ https://www.googleadservices.com/pagead/managed/js/activeview/current/reach_worklet.html:0
[    5027ms] [ERROR] Attestation check for Shared Storage on https://www.googleadservices.com failed. @ https://www.googleadservices.com/pagead/managed/js/activeview/current/reach_worklet.html:0
[    5172ms] [ERROR] Attestation check for Shared Storage on https://www.googleadservices.com failed. @ https://www.googleadservices.com/pagead/managed/js/activeview/current/reach_worklet.html:0
[    5266ms] [ERROR] Attestation check for Shared Storage on https://www.googleadservices.com failed. @ https://www.googleadservices.com/pagead/managed/js/activeview/current/reach_worklet.html:0
[    5538ms] [ERROR] Attestation check for Shared Storage on https://www.googleadservices.com failed. @ https://www.googleadservices.com/pagead/managed/js/activeview/current/reach_worklet.html:0
[    5559ms] [ERROR] Attestation check for Shared Storage on https://www.googleadservices.com failed. @ https://www.googleadservices.com/pagead/managed/js/activeview/current/reach_worklet.html:0
[    5622ms] [ERROR] Attestation check for Shared Storage on https://www.googleadservices.com failed. @ https://www.googleadservices.com/pagead/managed/js/activeview/current/reach_worklet.html:0
[    5781ms] [ERROR] Attestation check for Shared Storage on https://www.googleadservices.com failed. @ https://www.googleadservices.com/pagead/managed/js/activeview/current/reach_worklet.html:0
[    5816ms] [ERROR] Attestation check for Shared Storage on https://www.googleadservices.com failed. @ https://www.googleadservices.com/pagead/managed/js/activeview/current/reach_worklet.html:0
[    6062ms] [ERROR] Attestation check for Shared Storage on https://www.googleadservices.com failed. @ https://www.googleadservices.com/pagead/managed/js/activeview/current/reach_worklet.html:0
[    6310ms] [ERROR] Attestation check for Shared Storage on https://www.googleadservices.com failed. @ https://www.googleadservices.com/pagead/managed/js/activeview/current/reach_worklet.html:0
[    6489ms] [ERROR] Attestation check for Shared Storage on https://www.googleadservices.com failed. @ https://www.googleadservices.com/pagead/managed/js/activeview/current/reach_worklet.html:0
[    7000ms] [ERROR] Attestation check for Shared Storage on https://www.googleadservices.com failed. @ https://www.googleadservices.com/pagead/managed/js/activeview/current/reach_worklet.html:0
[    7234ms] [ERROR] Attestation check for Shared Storage on https://www.googleadservices.com failed. @ https://www.googleadservices.com/pagead/managed/js/activeview/current/reach_worklet.html:0
[    7983ms] [ERROR] Attestation check for Shared Storage on https://www.googleadservices.com failed. @ https://www.googleadservices.com/pagead/managed/js/activeview/current/reach_worklet.html:0
[    8084ms] [ERROR] Attestation check for Shared Storage on https://www.googleadservices.com failed. @ https://www.googleadservices.com/pagead/managed/js/activeview/current/reach_worklet.html:0
[    8631ms] [ERROR] Attestation check for Shared Storage on https://www.googleadservices.com failed. @ https://www.googleadservices.com/pagead/managed/js/activeview/current/reach_worklet.html:0
[    8951ms] [ERROR] Attestation check for Shared Storage on https://www.googleadservices.com failed. @ https://www.googleadservices.com/pagead/managed/js/activeview/current/reach_worklet.html:0
[    9599ms] [ERROR] Attestation check for Shared Storage on https://www.googleadservices.com failed. @ https://www.googleadservices.com/pagead/managed/js/activeview/current/reach_worklet.html:0
[    5752ms] [ERROR] Failed to load resource: net::ERR_NAME_NOT_RESOLVED @ https://sync.search.spotxchange.com/partner?adv_id=7025&uid=CAESELzCH6ZmuS4rcOgnC4psRqU&google_cver=1:0
[    5752ms] [ERROR] Failed to load resource: net::ERR_NAME_NOT_RESOLVED @ https://sync.search.spotxchange.com/partner?adv_id=7025&redir=https%3A%2F%2Fcm.g.doubleclick.net%2Fpixel%3Fgoogle_nid%3Dspotxchange_dbm%26google_hm%3D%24SPOTX_BASE64_USER_ID:0
[    9034ms] [ERROR] Failed to load resource: net::ERR_NAME_NOT_RESOLVED @ https://tags.bluekai.com/site/2981?redir=https%3A%2F%2Fcm.g.doubleclick.net%2Fpixel%3Fgoogle_nid%3Dbluekai%26google_hm%3D%24_BK_UUID_B64:0
[    2660ms] [ERROR] Attestation check for Shared Storage on https://www.googleadservices.com failed. @ https://www.googleadservices.com/pagead/managed/js/activeview/current/reach_worklet.html:0
[    2682ms] [ERROR] Attestation check for Shared Storage on https://www.googleadservices.com failed. @ https://www.googleadservices.com/pagead/managed/js/activeview/current/reach_worklet.html:0
[    2683ms] [ERROR] Attestation check for Shared Storage on https://www.googleadservices.com failed. @ https://www.googleadservices.com/pagead/managed/js/activeview/current/reach_worklet.html:0
[    2684ms] [ERROR] Attestation check for Shared Storage on https://www.googleadservices.com failed. @ https://www.googleadservices.com/pagead/managed/js/activeview/current/reach_worklet.html:0
[    2686ms] [ERROR] Attestation check for Shared Storage on https://www.googleadservices.com failed. @ https://www.googleadservices.com/pagead/managed/js/activeview/current/reach_worklet.html:0
[    2777ms] [ERROR] Attestation check for Shared Storage on https://www.googleadservices.com failed. @ https://www.googleadservices.com/pagead/managed/js/activeview/current/reach_worklet.html:0
[    4980ms] [ERROR] Attestation check for Shared Storage on https://www.googleadservices.com failed. @ https://www.googleadservices.com/pagead/managed/js/activeview/current/reach_worklet.html:0
[    5027ms] [ERROR] Attestation check for Shared Storage on https://www.googleadservices.com failed. @ https://www.googleadservices.com/pagead/managed/js/activeview/current/reach_worklet.html:0
[    5172ms] [ERROR] Attestation check for Shared Storage on https://www.googleadservices.com failed. @ https://www.googleadservices.com/pagead/managed/js/activeview/current/reach_worklet.html:0
[    5266ms] [ERROR] Attestation check for Shared Storage on https://www.googleadservices.com failed. @ https://www.googleadservices.com/pagead/managed/js/activeview/current/reach_worklet.html:0
[    5538ms] [ERROR] Attestation check for Shared Storage on https://www.googleadservices.com failed. @ https://www.googleadservices.com/pagead/managed/js/activeview/current/reach_worklet.html:0
[    5559ms] [ERROR] Attestation check for Shared Storage on https://www.googleadservices.com failed. @ https://www.googleadservices.com/pagead/managed/js/activeview/current/reach_worklet.html:0
[    5622ms] [ERROR] Attestation check for Shared Storage on https://www.googleadservices.com failed. @ https://www.googleadservices.com/pagead/managed/js/activeview/current/reach_worklet.html:0
[    5781ms] [ERROR] Attestation check for Shared Storage on https://www.googleadservices.com failed. @ https://www.googleadservices.com/pagead/managed/js/activeview/current/reach_worklet.html:0
[    5816ms] [ERROR] Attestation check for Shared Storage on https://www.googleadservices.com failed. @ https://www.googleadservices.com/pagead/managed/js/activeview/current/reach_worklet.html:0
[    6062ms] [ERROR] Attestation check for Shared Storage on https://www.googleadservices.com failed. @ https://www.googleadservices.com/pagead/managed/js/activeview/current/reach_worklet.html:0
[    6310ms] [ERROR] Attestation check for Shared Storage on https://www.googleadservices.com failed. @ https://www.googleadservices.com/pagead/managed/js/activeview/current/reach_worklet.html:0
[    6489ms] [ERROR] Attestation check for Shared Storage on https://www.googleadservices.com failed. @ https://www.googleadservices.com/pagead/managed/js/activeview/current/reach_worklet.html:0
[    7000ms] [ERROR] Attestation check for Shared Storage on https://www.googleadservices.com failed. @ https://www.googleadservices.com/pagead/managed/js/activeview/current/reach_worklet.html:0
[    7234ms] [ERROR] Attestation check for Shared Storage on https://www.googleadservices.com failed. @ https://www.googleadservices.com/pagead/managed/js/activeview/current/reach_worklet.html:0
[    7983ms] [ERROR] Attestation check for Shared Storage on https://www.googleadservices.com failed. @ https://www.googleadservices.com/pagead/managed/js/activeview/current/reach_worklet.html:0
[    8084ms] [ERROR] Attestation check for Shared Storage on https://www.googleadservices.com failed. @ https://www.googleadservices.com/pagead/managed/js/activeview/current/reach_worklet.html:0
[    8631ms] [ERROR] Attestation check for Shared Storage on https://www.googleadservices.com failed. @ https://www.googleadservices.com/pagead/managed/js/activeview/current/reach_worklet.html:0
[    8951ms] [ERROR] Attestation check for Shared Storage on https://www.googleadservices.com failed. @ https://www.googleadservices.com/pagead/managed/js/activeview/current/reach_worklet.html:0
[    9599ms] [ERROR] Attestation check for Shared Storage on https://www.googleadservices.com failed. @ https://www.googleadservices.com/pagead/managed/js/activeview/current/reach_worklet.html:0
[    9778ms] [ERROR] Attestation check for Shared Storage on https://www.googleadservices.com failed. @ https://www.googleadservices.com/pagead/managed/js/activeview/current/reach_worklet.html:0
[    9808ms] [ERROR] Failed to load resource: net::ERR_NAME_NOT_RESOLVED @ https://x.dlx.addthis.com/e/googlegdn_sync?na_exid=CAESEKnsY561khfd8uzmzOj0-hc&google_cver=1:0
[   15586ms] [ERROR] Error decoding tpids in b-144: SyntaxError: Expected ':' after property name in JSON at position 5 (line 1 column 6)
    at JSON.parse (<anonymous>)
    at https://pxdrop.lijit.com/a/t_.htm?ver=1.2087.1178&cid=c026:1:2018
    at jsLib.onload (https://pxdrop.lijit.com/a/t_.htm?ver=1.2087.1178&cid=c026:1:3106) @ https://pxdrop.lijit.com/a/t_.htm?ver=1.2087.1178&cid=c026:0
[   15586ms] [ERROR] Error decoding tpids in b-13b: SyntaxError: Expected ':' after property name in JSON at position 5 (line 1 column 6)
    at JSON.parse (<anonymous>)
    at https://pxdrop.lijit.com/a/t_.htm?ver=1.2087.1178&cid=c026:1:1468
    at jsLib.onload (https://pxdrop.lijit.com/a/t_.htm?ver=1.2087.1178&cid=c026:1:2012) @ https://pxdrop.lijit.com/a/t_.htm?ver=1.2087.1178&cid=c026:0
[   15586ms] [ERROR] Error decoding tpids: SyntaxError: Expected ':' after property name in JSON at position 5 (line 1 column 6)
    at JSON.parse (<anonymous>)
    at https://pxdrop.lijit.com/a/t_.htm?ver=1.2087.1178&cid=c026:1:2015
    at jsLib.onload (https://pxdrop.lijit.com/a/t_.htm?ver=1.2087.1178&cid=c026:1:3048) @ https://pxdrop.lijit.com/a/t_.htm?ver=1.2087.1178&cid=c026:0
[   15587ms] [ERROR] Error decoding tpids in b-17j: SyntaxError: Expected ':' after property name in JSON at position 5 (line 1 column 6)
    at JSON.parse (<anonymous>)
    at https://pxdrop.lijit.com/a/t_.htm?ver=1.2087.1178&cid=c026:1:1774
    at jsLib.onload (https://pxdrop.lijit.com/a/t_.htm?ver=1.2087.1178&cid=c026:1:2664) @ https://pxdrop.lijit.com/a/t_.htm?ver=1.2087.1178&cid=c026:0
[   18148ms] [ERROR] Error decoding tpids: SyntaxError: Expected ':' after property name in JSON at position 5 (line 1 column 6)
    at JSON.parse (<anonymous>)
    at https://pxdrop.lijit.com/a/t_.htm?ver=1.2087.1178&cid=c026:1:2015
    at jsLib.onload (https://pxdrop.lijit.com/a/t_.htm?ver=1.2087.1178&cid=c026:1:3048) @ https://pxdrop.lijit.com/a/t_.htm?ver=1.2087.1178&cid=c026:0
[   18148ms] [ERROR] Error decoding tpids in b-17j: SyntaxError: Expected ':' after property name in JSON at position 5 (line 1 column 6)
    at JSON.parse (<anonymous>)
    at https://pxdrop.lijit.com/a/t_.htm?ver=1.2087.1178&cid=c026:1:1774
    at jsLib.onload (https://pxdrop.lijit.com/a/t_.htm?ver=1.2087.1178&cid=c026:1:2664) @ https://pxdrop.lijit.com/a/t_.htm?ver=1.2087.1178&cid=c026:0
[   32515ms] [LOG] dm:: NoFill: 138298992027,138298992075,138298992384,138298992699,138298992729,138298992918,138299003273,138299003837,138299003888,138299004002,138299346835,138299346871,138299347501,138305227670,138305227661,138305187606,138305187519,138305582710,138305187489,138305187924,138305187783,138305187459,138305583487,138305583358,138305227601,138305187501,138312151104,138312521902,138312126089,138312518545,138312521905,138312151107,138312521908,138312125678,138312125738,138312521911,138312521914,138312521917,138312125585,138312125618,138312521920,138312151110,138312521923,138312125687,138312125744,138312521926,138312151113,138312521929,138312125963,138312126110,138312521527,138312521932,138312521935,138312125969,138312126113,138312151116,138312151122,138312521938,138312125627,138312125975,138312521941,138312521950,138312521962,138312125984,138312126119,138312521968,138312151131,138312521977,138312125693,138312125753,138312521983,138312521989,138312521992,138312125594,138312126122,138312521545,138305583487,138312521998,138312522001,138312125699,138312125756,138312151152,138312128660,138312521560,138312125993,138312126128,138312128666,138312128669,138312128675,138312125759,138312125999,138312128678,138312203496,138312574813,138312574837,138312203499,138312574816,138312574840,138313341914,138313757416,138313341920,138313361442,138313361445,138313361448,138313757419,138313757422,138313757425,138313342112,138313342622,138313342283,138313342625,138313342628,138313342631,138313342334,138313757608,138313342343,138313342349,138313342733,138313342742,138313757623,138313757626,138313757635,138353210435,138353212580,138353212715,138353212745,138353213186,138353241471,138353241894,138353242299,138353242743,138353242953,138353591701,138353592109,138353593426 @ https://tag.durationmedia.net/sites/11159/dm.js:0
[    5752ms] [ERROR] Failed to load resource: net::ERR_NAME_NOT_RESOLVED @ https://sync.search.spotxchange.com/partner?adv_id=7025&uid=CAESELzCH6ZmuS4rcOgnC4psRqU&google_cver=1:0
[    5752ms] [ERROR] Failed to load resource: net::ERR_NAME_NOT_RESOLVED @ https://sync.search.spotxchange.com/partner?adv_id=7025&redir=https%3A%2F%2Fcm.g.doubleclick.net%2Fpixel%3Fgoogle_nid%3Dspotxchange_dbm%26google_hm%3D%24SPOTX_BASE64_USER_ID:0
[    9034ms] [ERROR] Failed to load resource: net::ERR_NAME_NOT_RESOLVED @ https://tags.bluekai.com/site/2981?redir=https%3A%2F%2Fcm.g.doubleclick.net%2Fpixel%3Fgoogle_nid%3Dbluekai%26google_hm%3D%24_BK_UUID_B64:0
[    9808ms] [ERROR] Failed to load resource: net::ERR_NAME_NOT_RESOLVED @ https://x.dlx.addthis.com/e/googlegdn_sync?na_exid=CAESEKnsY561khfd8uzmzOj0-hc&google_cver=1:0
[   33111ms] [ERROR] Refused to execute script from 'https://d2ogoirb28wat7.cloudfront.net/b-2e7c324-d1f60bd5.js' because its MIME type ('image/gif') is not executable. @ https://d2ogoirb28wat7.cloudfront.net/b-0d6ee0c-d62ddfac.js:0
[    2660ms] [ERROR] Attestation check for Shared Storage on https://www.googleadservices.com failed. @ https://www.googleadservices.com/pagead/managed/js/activeview/current/reach_worklet.html:0
[    2682ms] [ERROR] Attestation check for Shared Storage on https://www.googleadservices.com failed. @ https://www.googleadservices.com/pagead/managed/js/activeview/current/reach_worklet.html:0
[    2683ms] [ERROR] Attestation check for Shared Storage on https://www.googleadservices.com failed. @ https://www.googleadservices.com/pagead/managed/js/activeview/current/reach_worklet.html:0
[    2684ms] [ERROR] Attestation check for Shared Storage on https://www.googleadservices.com failed. @ https://www.googleadservices.com/pagead/managed/js/activeview/current/reach_worklet.html:0
[    2686ms] [ERROR] Attestation check for Shared Storage on https://www.googleadservices.com failed. @ https://www.googleadservices.com/pagead/managed/js/activeview/current/reach_worklet.html:0
[    2777ms] [ERROR] Attestation check for Shared Storage on https://www.googleadservices.com failed. @ https://www.googleadservices.com/pagead/managed/js/activeview/current/reach_worklet.html:0
[    4980ms] [ERROR] Attestation check for Shared Storage on https://www.googleadservices.com failed. @ https://www.googleadservices.com/pagead/managed/js/activeview/current/reach_worklet.html:0
[    5027ms] [ERROR] Attestation check for Shared Storage on https://www.googleadservices.com failed. @ https://www.googleadservices.com/pagead/managed/js/activeview/current/reach_worklet.html:0
[    5172ms] [ERROR] Attestation check for Shared Storage on https://www.googleadservices.com failed. @ https://www.googleadservices.com/pagead/managed/js/activeview/current/reach_worklet.html:0
[    5266ms] [ERROR] Attestation check for Shared Storage on https://www.googleadservices.com failed. @ https://www.googleadservices.com/pagead/managed/js/activeview/current/reach_worklet.html:0
[    5538ms] [ERROR] Attestation check for Shared Storage on https://www.googleadservices.com failed. @ https://www.googleadservices.com/pagead/managed/js/activeview/current/reach_worklet.html:0
[    5559ms] [ERROR] Attestation check for Shared Storage on https://www.googleadservices.com failed. @ https://www.googleadservices.com/pagead/managed/js/activeview/current/reach_worklet.html:0
[    5622ms] [ERROR] Attestation check for Shared Storage on https://www.googleadservices.com failed. @ https://www.googleadservices.com/pagead/managed/js/activeview/current/reach_worklet.html:0
[    5781ms] [ERROR] Attestation check for Shared Storage on https://www.googleadservices.com failed. @ https://www.googleadservices.com/pagead/managed/js/activeview/current/reach_worklet.html:0
[    5816ms] [ERROR] Attestation check for Shared Storage on https://www.googleadservices.com failed. @ https://www.googleadservices.com/pagead/managed/js/activeview/current/reach_worklet.html:0
[    6062ms] [ERROR] Attestation check for Shared Storage on https://www.googleadservices.com failed. @ https://www.googleadservices.com/pagead/managed/js/activeview/current/reach_worklet.html:0
[    6310ms] [ERROR] Attestation check for Shared Storage on https://www.googleadservices.com failed. @ https://www.googleadservices.com/pagead/managed/js/activeview/current/reach_worklet.html:0
[    6489ms] [ERROR] Attestation check for Shared Storage on https://www.googleadservices.com failed. @ https://www.googleadservices.com/pagead/managed/js/activeview/current/reach_worklet.html:0
[    7000ms] [ERROR] Attestation check for Shared Storage on https://www.googleadservices.com failed. @ https://www.googleadservices.com/pagead/managed/js/activeview/current/reach_worklet.html:0
[    7234ms] [ERROR] Attestation check for Shared Storage on https://www.googleadservices.com failed. @ https://www.googleadservices.com/pagead/managed/js/activeview/current/reach_worklet.html:0
[    7983ms] [ERROR] Attestation check for Shared Storage on https://www.googleadservices.com failed. @ https://www.googleadservices.com/pagead/managed/js/activeview/current/reach_worklet.html:0
[    8084ms] [ERROR] Attestation check for Shared Storage on https://www.googleadservices.com failed. @ https://www.googleadservices.com/pagead/managed/js/activeview/current/reach_worklet.html:0
[    8631ms] [ERROR] Attestation check for Shared Storage on https://www.googleadservices.com failed. @ https://www.googleadservices.com/pagead/managed/js/activeview/current/reach_worklet.html:0
[    8951ms] [ERROR] Attestation check for Shared Storage on https://www.googleadservices.com failed. @ https://www.googleadservices.com/pagead/managed/js/activeview/current/reach_worklet.html:0
[    9599ms] [ERROR] Attestation check for Shared Storage on https://www.googleadservices.com failed. @ https://www.googleadservices.com/pagead/managed/js/activeview/current/reach_worklet.html:0
[    9778ms] [ERROR] Attestation check for Shared Storage on https://www.googleadservices.com failed. @ https://www.googleadservices.com/pagead/managed/js/activeview/current/reach_worklet.html:0
[   33191ms] [ERROR] Attestation check for Shared Storage on https://www.googleadservices.com failed. @ https://www.googleadservices.com/pagead/managed/js/activeview/current/reach_worklet.html:0
[   33433ms] [DIR] SyntaxError @ https://cadmus.script.ac/dqwlj5vju67vs/script.js:0
[   33743ms] [ERROR] Failed to load resource: net::ERR_NAME_NOT_RESOLVED @ https://cw.addthis.com/t.gif?pid=88&pidt=0&pdid=5cde4f51-f2bd-4819-875a-d6b38dd965ae&cu=:0
[   33743ms] [ERROR] Failed to load resource: net::ERR_NAME_NOT_RESOLVED @ https://cw.addthis.com/t.gif?pid=88&pidt=0&pdid=89e81886-c688-43a0-acd6-a8c94d1c035e&cu=:0
[   33743ms] [ERROR] Failed to load resource: net::ERR_NAME_NOT_RESOLVED @ https://cw.addthis.com/t.gif?pid=88&pidt=0&pdid=5cde4f51-f2bd-4819-875a-d6b38dd965ae&cu=:0
[   33743ms] [ERROR] Failed to load resource: net::ERR_NAME_NOT_RESOLVED @ https://cw.addthis.com/t.gif?pid=88&pidt=0&pdid=89e81886-c688-43a0-acd6-a8c94d1c035e&cu=:0
[    2660ms] [ERROR] Attestation check for Shared Storage on https://www.googleadservices.com failed. @ https://www.googleadservices.com/pagead/managed/js/activeview/current/reach_worklet.html:0
[    2682ms] [ERROR] Attestation check for Shared Storage on https://www.googleadservices.com failed. @ https://www.googleadservices.com/pagead/managed/js/activeview/current/reach_worklet.html:0
[    2683ms] [ERROR] Attestation check for Shared Storage on https://www.googleadservices.com failed. @ https://www.googleadservices.com/pagead/managed/js/activeview/current/reach_worklet.html:0
[    2684ms] [ERROR] Attestation check for Shared Storage on https://www.googleadservices.com failed. @ https://www.googleadservices.com/pagead/managed/js/activeview/current/reach_worklet.html:0
[    2686ms] [ERROR] Attestation check for Shared Storage on https://www.googleadservices.com failed. @ https://www.googleadservices.com/pagead/managed/js/activeview/current/reach_worklet.html:0
[    2777ms] [ERROR] Attestation check for Shared Storage on https://www.googleadservices.com failed. @ https://www.googleadservices.com/pagead/managed/js/activeview/current/reach_worklet.html:0
[    4980ms] [ERROR] Attestation check for Shared Storage on https://www.googleadservices.com failed. @ https://www.googleadservices.com/pagead/managed/js/activeview/current/reach_worklet.html:0
[    5027ms] [ERROR] Attestation check for Shared Storage on https://www.googleadservices.com failed. @ https://www.googleadservices.com/pagead/managed/js/activeview/current/reach_worklet.html:0
[    5172ms] [ERROR] Attestation check for Shared Storage on https://www.googleadservices.com failed. @ https://www.googleadservices.com/pagead/managed/js/activeview/current/reach_worklet.html:0
[    5266ms] [ERROR] Attestation check for Shared Storage on https://www.googleadservices.com failed. @ https://www.googleadservices.com/pagead/managed/js/activeview/current/reach_worklet.html:0
[    5538ms] [ERROR] Attestation check for Shared Storage on https://www.googleadservices.com failed. @ https://www.googleadservices.com/pagead/managed/js/activeview/current/reach_worklet.html:0
[    5559ms] [ERROR] Attestation check for Shared Storage on https://www.googleadservices.com failed. @ https://www.googleadservices.com/pagead/managed/js/activeview/current/reach_worklet.html:0
[    5622ms] [ERROR] Attestation check for Shared Storage on https://www.googleadservices.com failed. @ https://www.googleadservices.com/pagead/managed/js/activeview/current/reach_worklet.html:0
[    5781ms] [ERROR] Attestation check for Shared Storage on https://www.googleadservices.com failed. @ https://www.googleadservices.com/pagead/managed/js/activeview/current/reach_worklet.html:0
[    5816ms] [ERROR] Attestation check for Shared Storage on https://www.googleadservices.com failed. @ https://www.googleadservices.com/pagead/managed/js/activeview/current/reach_worklet.html:0
[    6062ms] [ERROR] Attestation check for Shared Storage on https://www.googleadservices.com failed. @ https://www.googleadservices.com/pagead/managed/js/activeview/current/reach_worklet.html:0
[    6310ms] [ERROR] Attestation check for Shared Storage on https://www.googleadservices.com failed. @ https://www.googleadservices.com/pagead/managed/js/activeview/current/reach_worklet.html:0
[    6489ms] [ERROR] Attestation check for Shared Storage on https://www.googleadservices.com failed. @ https://www.googleadservices.com/pagead/managed/js/activeview/current/reach_worklet.html:0
[    7000ms] [ERROR] Attestation check for Shared Storage on https://www.googleadservices.com failed. @ https://www.googleadservices.com/pagead/managed/js/activeview/current/reach_worklet.html:0
[    7234ms] [ERROR] Attestation check for Shared Storage on https://www.googleadservices.com failed. @ https://www.googleadservices.com/pagead/managed/js/activeview/current/reach_worklet.html:0
[    7983ms] [ERROR] Attestation check for Shared Storage on https://www.googleadservices.com failed. @ https://www.googleadservices.com/pagead/managed/js/activeview/current/reach_worklet.html:0
[    8084ms] [ERROR] Attestation check for Shared Storage on https://www.googleadservices.com failed. @ https://www.googleadservices.com/pagead/managed/js/activeview/current/reach_worklet.html:0
[    8631ms] [ERROR] Attestation check for Shared Storage on https://www.googleadservices.com failed. @ https://www.googleadservices.com/pagead/managed/js/activeview/current/reach_worklet.html:0
[    8951ms] [ERROR] Attestation check for Shared Storage on https://www.googleadservices.com failed. @ https://www.googleadservices.com/pagead/managed/js/activeview/current/reach_worklet.html:0
[    9599ms] [ERROR] Attestation check for Shared Storage on https://www.googleadservices.com failed. @ https://www.googleadservices.com/pagead/managed/js/activeview/current/reach_worklet.html:0
[    9778ms] [ERROR] Attestation check for Shared Storage on https://www.googleadservices.com failed. @ https://www.googleadservices.com/pagead/managed/js/activeview/current/reach_worklet.html:0
[   33191ms] [ERROR] Attestation check for Shared Storage on https://www.googleadservices.com failed. @ https://www.googleadservices.com/pagead/managed/js/activeview/current/reach_worklet.html:0
[    5752ms] [ERROR] Failed to load resource: net::ERR_NAME_NOT_RESOLVED @ https://sync.search.spotxchange.com/partner?adv_id=7025&uid=CAESELzCH6ZmuS4rcOgnC4psRqU&google_cver=1:0
[    5752ms] [ERROR] Failed to load resource: net::ERR_NAME_NOT_RESOLVED @ https://sync.search.spotxchange.com/partner?adv_id=7025&redir=https%3A%2F%2Fcm.g.doubleclick.net%2Fpixel%3Fgoogle_nid%3Dspotxchange_dbm%26google_hm%3D%24SPOTX_BASE64_USER_ID:0
[    9034ms] [ERROR] Failed to load resource: net::ERR_NAME_NOT_RESOLVED @ https://tags.bluekai.com/site/2981?redir=https%3A%2F%2Fcm.g.doubleclick.net%2Fpixel%3Fgoogle_nid%3Dbluekai%26google_hm%3D%24_BK_UUID_B64:0
[    9808ms] [ERROR] Failed to load resource: net::ERR_NAME_NOT_RESOLVED @ https://x.dlx.addthis.com/e/googlegdn_sync?na_exid=CAESEKnsY561khfd8uzmzOj0-hc&google_cver=1:0
[   34463ms] [ERROR] Attestation check for Shared Storage on https://www.googleadservices.com failed. @ https://www.googleadservices.com/pagead/managed/js/activeview/current/reach_worklet.html:0
[   34467ms] [ERROR] Attestation check for Attribution Reporting on https://ad.doubleclick.net failed. @ https://www.ksl.com/article/51614351/california-company-awarded-100m-to-develop-critical-mineral-facility-on-great-salt-lake-shore:0
[   34479ms] [ERROR] Attestation check for Attribution Reporting on https://ad.doubleclick.net failed. @ https://www.ksl.com/article/51614351/california-company-awarded-100m-to-develop-critical-mineral-facility-on-great-salt-lake-shore:0
[   35881ms] [ERROR] Failed to load resource: the server responded with a status of 500 (Internal Server Error) @ https://api.viglink.com/api/ping:0
[   37124ms] [ERROR] Failed to load resource: net::ERR_TIMED_OUT @ https://us-east-casale-rtb.quantserve.com:8443/casale_openrtb_notify?auctionId=693d3758-8cf7-4bc3-8e06-b9f62f85c7c0_x51_1&rtb_id=CTkQJLnP9lAUEQAAJLnP9lAUGDyync3gCX3WKI7hzDU&winPrice=0.68&notificationType=billing&labels=_qc.notification:0
[   37126ms] Failed to read a named property 'addEventListener' from 'Window': Blocked a frame with origin "https://web-cf-event-cell8001.ads.aps.amazon-adsystem.com" from accessing a cross-origin frame.
[   37269ms] [ERROR] Refused to execute script from 'https://d2ogoirb28wat7.cloudfront.net/b-2e7c324-d1f60bd5.js' because its MIME type ('image/gif') is not executable. @ https://d2ogoirb28wat7.cloudfront.net/b-0d6ee0c-d62ddfac.js:0
[    2660ms] [ERROR] Attestation check for Shared Storage on https://www.googleadservices.com failed. @ https://www.googleadservices.com/pagead/managed/js/activeview/current/reach_worklet.html:0
[    2682ms] [ERROR] Attestation check for Shared Storage on https://www.googleadservices.com failed. @ https://www.googleadservices.com/pagead/managed/js/activeview/current/reach_worklet.html:0
[    2683ms] [ERROR] Attestation check for Shared Storage on https://www.googleadservices.com failed. @ https://www.googleadservices.com/pagead/managed/js/activeview/current/reach_worklet.html:0
[    2684ms] [ERROR] Attestation check for Shared Storage on https://www.googleadservices.com failed. @ https://www.googleadservices.com/pagead/managed/js/activeview/current/reach_worklet.html:0
[    2686ms] [ERROR] Attestation check for Shared Storage on https://www.googleadservices.com failed. @ https://www.googleadservices.com/pagead/managed/js/activeview/current/reach_worklet.html:0
[    2777ms] [ERROR] Attestation check for Shared Storage on https://www.googleadservices.com failed. @ https://www.googleadservices.com/pagead/managed/js/activeview/current/reach_worklet.html:0
[    4980ms] [ERROR] Attestation check for Shared Storage on https://www.googleadservices.com failed. @ https://www.googleadservices.com/pagead/managed/js/activeview/current/reach_worklet.html:0
[    5027ms] [ERROR] Attestation check for Shared Storage on https://www.googleadservices.com failed. @ https://www.googleadservices.com/pagead/managed/js/activeview/current/reach_worklet.html:0
[    5172ms] [ERROR] Attestation check for Shared Storage on https://www.googleadservices.com failed. @ https://www.googleadservices.com/pagead/managed/js/activeview/current/reach_worklet.html:0
[    5266ms] [ERROR] Attestation check for Shared Storage on https://www.googleadservices.com failed. @ https://www.googleadservices.com/pagead/managed/js/activeview/current/reach_worklet.html:0
[    5538ms] [ERROR] Attestation check for Shared Storage on https://www.googleadservices.com failed. @ https://www.googleadservices.com/pagead/managed/js/activeview/current/reach_worklet.html:0
[    5559ms] [ERROR] Attestation check for Shared Storage on https://www.googleadservices.com failed. @ https://www.googleadservices.com/pagead/managed/js/activeview/current/reach_worklet.html:0
[    5622ms] [ERROR] Attestation check for Shared Storage on https://www.googleadservices.com failed. @ https://www.googleadservices.com/pagead/managed/js/activeview/current/reach_worklet.html:0
[    5781ms] [ERROR] Attestation check for Shared Storage on https://www.googleadservices.com failed. @ https://www.googleadservices.com/pagead/managed/js/activeview/current/reach_worklet.html:0
[    5816ms] [ERROR] Attestation check for Shared Storage on https://www.googleadservices.com failed. @ https://www.googleadservices.com/pagead/managed/js/activeview/current/reach_worklet.html:0
[    6062ms] [ERROR] Attestation check for Shared Storage on https://www.googleadservices.com failed. @ https://www.googleadservices.com/pagead/managed/js/activeview/current/reach_worklet.html:0
[    6310ms] [ERROR] Attestation check for Shared Storage on https://www.googleadservices.com failed. @ https://www.googleadservices.com/pagead/managed/js/activeview/current/reach_worklet.html:0
[    6489ms] [ERROR] Attestation check for Shared Storage on https://www.googleadservices.com failed. @ https://www.googleadservices.com/pagead/managed/js/activeview/current/reach_worklet.html:0
[    7000ms] [ERROR] Attestation check for Shared Storage on https://www.googleadservices.com failed. @ https://www.googleadservices.com/pagead/managed/js/activeview/current/reach_worklet.html:0
[    7234ms] [ERROR] Attestation check for Shared Storage on https://www.googleadservices.com failed. @ https://www.googleadservices.com/pagead/managed/js/activeview/current/reach_worklet.html:0
[    7983ms] [ERROR] Attestation check for Shared Storage on https://www.googleadservices.com failed. @ https://www.googleadservices.com/pagead/managed/js/activeview/current/reach_worklet.html:0
[    8084ms] [ERROR] Attestation check for Shared Storage on https://www.googleadservices.com failed. @ https://www.googleadservices.com/pagead/managed/js/activeview/current/reach_worklet.html:0
[    8631ms] [ERROR] Attestation check for Shared Storage on https://www.googleadservices.com failed. @ https://www.googleadservices.com/pagead/managed/js/activeview/current/reach_worklet.html:0
[    8951ms] [ERROR] Attestation check for Shared Storage on https://www.googleadservices.com failed. @ https://www.googleadservices.com/pagead/managed/js/activeview/current/reach_worklet.html:0
[    9599ms] [ERROR] Attestation check for Shared Storage on https://www.googleadservices.com failed. @ https://www.googleadservices.com/pagead/managed/js/activeview/current/reach_worklet.html:0
[    9778ms] [ERROR] Attestation check for Shared Storage on https://www.googleadservices.com failed. @ https://www.googleadservices.com/pagead/managed/js/activeview/current/reach_worklet.html:0
[   33191ms] [ERROR] Attestation check for Shared Storage on https://www.googleadservices.com failed. @ https://www.googleadservices.com/pagead/managed/js/activeview/current/reach_worklet.html:0
[   34463ms] [ERROR] Attestation check for Shared Storage on https://www.googleadservices.com failed. @ https://www.googleadservices.com/pagead/managed/js/activeview/current/reach_worklet.html:0
[   37342ms] [ERROR] Attestation check for Shared Storage on https://www.googleadservices.com failed. @ https://www.googleadservices.com/pagead/managed/js/activeview/current/reach_worklet.html:0
[   37124ms] [ERROR] Failed to load resource: net::ERR_TIMED_OUT @ https://us-east-casale-rtb.quantserve.com:8443/casale_openrtb_notify?auctionId=693d3758-8cf7-4bc3-8e06-b9f62f85c7c0_x51_1&rtb_id=CTkQJLnP9lAUEQAAJLnP9lAUGDyync3gCX3WKI7hzDU&winPrice=0.68&notificationType=billing&labels=_qc.notification:0
[    5752ms] [ERROR] Failed to load resource: net::ERR_NAME_NOT_RESOLVED @ https://sync.search.spotxchange.com/partner?adv_id=7025&uid=CAESELzCH6ZmuS4rcOgnC4psRqU&google_cver=1:0
[    5752ms] [ERROR] Failed to load resource: net::ERR_NAME_NOT_RESOLVED @ https://sync.search.spotxchange.com/partner?adv_id=7025&redir=https%3A%2F%2Fcm.g.doubleclick.net%2Fpixel%3Fgoogle_nid%3Dspotxchange_dbm%26google_hm%3D%24SPOTX_BASE64_USER_ID:0
[    9034ms] [ERROR] Failed to load resource: net::ERR_NAME_NOT_RESOLVED @ https://tags.bluekai.com/site/2981?redir=https%3A%2F%2Fcm.g.doubleclick.net%2Fpixel%3Fgoogle_nid%3Dbluekai%26google_hm%3D%24_BK_UUID_B64:0
[    9808ms] [ERROR] Failed to load resource: net::ERR_NAME_NOT_RESOLVED @ https://x.dlx.addthis.com/e/googlegdn_sync?na_exid=CAESEKnsY561khfd8uzmzOj0-hc&google_cver=1:0
[    2660ms] [ERROR] Attestation check for Shared Storage on https://www.googleadservices.com failed. @ https://www.googleadservices.com/pagead/managed/js/activeview/current/reach_worklet.html:0
[    2682ms] [ERROR] Attestation check for Shared Storage on https://www.googleadservices.com failed. @ https://www.googleadservices.com/pagead/managed/js/activeview/current/reach_worklet.html:0
[    2683ms] [ERROR] Attestation check for Shared Storage on https://www.googleadservices.com failed. @ https://www.googleadservices.com/pagead/managed/js/activeview/current/reach_worklet.html:0
[    2684ms] [ERROR] Attestation check for Shared Storage on https://www.googleadservices.com failed. @ https://www.googleadservices.com/pagead/managed/js/activeview/current/reach_worklet.html:0
[    2686ms] [ERROR] Attestation check for Shared Storage on https://www.googleadservices.com failed. @ https://www.googleadservices.com/pagead/managed/js/activeview/current/reach_worklet.html:0
[    2777ms] [ERROR] Attestation check for Shared Storage on https://www.googleadservices.com failed. @ https://www.googleadservices.com/pagead/managed/js/activeview/current/reach_worklet.html:0
[    4980ms] [ERROR] Attestation check for Shared Storage on https://www.googleadservices.com failed. @ https://www.googleadservices.com/pagead/managed/js/activeview/current/reach_worklet.html:0
[    5027ms] [ERROR] Attestation check for Shared Storage on https://www.googleadservices.com failed. @ https://www.googleadservices.com/pagead/managed/js/activeview/current/reach_worklet.html:0
[    5172ms] [ERROR] Attestation check for Shared Storage on https://www.googleadservices.com failed. @ https://www.googleadservices.com/pagead/managed/js/activeview/current/reach_worklet.html:0
[    5266ms] [ERROR] Attestation check for Shared Storage on https://www.googleadservices.com failed. @ https://www.googleadservices.com/pagead/managed/js/activeview/current/reach_worklet.html:0
[    5538ms] [ERROR] Attestation check for Shared Storage on https://www.googleadservices.com failed. @ https://www.googleadservices.com/pagead/managed/js/activeview/current/reach_worklet.html:0
[    5559ms] [ERROR] Attestation check for Shared Storage on https://www.googleadservices.com failed. @ https://www.googleadservices.com/pagead/managed/js/activeview/current/reach_worklet.html:0
[    5622ms] [ERROR] Attestation check for Shared Storage on https://www.googleadservices.com failed. @ https://www.googleadservices.com/pagead/managed/js/activeview/current/reach_worklet.html:0
[    5781ms] [ERROR] Attestation check for Shared Storage on https://www.googleadservices.com failed. @ https://www.googleadservices.com/pagead/managed/js/activeview/current/reach_worklet.html:0
[    5816ms] [ERROR] Attestation check for Shared Storage on https://www.googleadservices.com failed. @ https://www.googleadservices.com/pagead/managed/js/activeview/current/reach_worklet.html:0
[    6062ms] [ERROR] Attestation check for Shared Storage on https://www.googleadservices.com failed. @ https://www.googleadservices.com/pagead/managed/js/activeview/current/reach_worklet.html:0
[    6310ms] [ERROR] Attestation check for Shared Storage on https://www.googleadservices.com failed. @ https://www.googleadservices.com/pagead/managed/js/activeview/current/reach_worklet.html:0
[    6489ms] [ERROR] Attestation check for Shared Storage on https://www.googleadservices.com failed. @ https://www.googleadservices.com/pagead/managed/js/activeview/current/reach_worklet.html:0
[    7000ms] [ERROR] Attestation check for Shared Storage on https://www.googleadservices.com failed. @ https://www.googleadservices.com/pagead/managed/js/activeview/current/reach_worklet.html:0
[    7234ms] [ERROR] Attestation check for Shared Storage on https://www.googleadservices.com failed. @ https://www.googleadservices.com/pagead/managed/js/activeview/current/reach_worklet.html:0
[    7983ms] [ERROR] Attestation check for Shared Storage on https://www.googleadservices.com failed. @ https://www.googleadservices.com/pagead/managed/js/activeview/current/reach_worklet.html:0
[    8084ms] [ERROR] Attestation check for Shared Storage on https://www.googleadservices.com failed. @ https://www.googleadservices.com/pagead/managed/js/activeview/current/reach_worklet.html:0
[    8631ms] [ERROR] Attestation check for Shared Storage on https://www.googleadservices.com failed. @ https://www.googleadservices.com/pagead/managed/js/activeview/current/reach_worklet.html:0
[    8951ms] [ERROR] Attestation check for Shared Storage on https://www.googleadservices.com failed. @ https://www.googleadservices.com/pagead/managed/js/activeview/current/reach_worklet.html:0
[    9599ms] [ERROR] Attestation check for Shared Storage on https://www.googleadservices.com failed. @ https://www.googleadservices.com/pagead/managed/js/activeview/current/reach_worklet.html:0
[    9778ms] [ERROR] Attestation check for Shared Storage on https://www.googleadservices.com failed. @ https://www.googleadservices.com/pagead/managed/js/activeview/current/reach_worklet.html:0
[   33191ms] [ERROR] Attestation check for Shared Storage on https://www.googleadservices.com failed. @ https://www.googleadservices.com/pagead/managed/js/activeview/current/reach_worklet.html:0
[   34463ms] [ERROR] Attestation check for Shared Storage on https://www.googleadservices.com failed. @ https://www.googleadservices.com/pagead/managed/js/activeview/current/reach_worklet.html:0
[   37342ms] [ERROR] Attestation check for Shared Storage on https://www.googleadservices.com failed. @ https://www.googleadservices.com/pagead/managed/js/activeview/current/reach_worklet.html:0
[   37455ms] [ERROR] Attestation check for Shared Storage on https://www.googleadservices.com failed. @ https://www.googleadservices.com/pagead/managed/js/activeview/current/reach_worklet.html:0
