[     618ms] [LOG] Main bundle loaded (base.twig) @ https://www.ksl.com/news/utah:2033
[     683ms] [LOG] payload function(e){var t=arguments.length>1&&void 0!==arguments[1]?arguments[1]:{};return console.log("payload",s),function(e){for(var t=1;t<arguments.length;t++){var n=null!=arguments[t]?arguments[t]:{};t%2?i(Object(n),!0).forEach(function(t){o(e,t,n[t])}):Object.getOwnPropertyDescriptors?Object.defineProperties(e,Object.getOwnPropertyDescriptors(n)):i(Object(n)).forEach(function(t){Object.defineProperty(e,t,Object.getOwnPropertyDescriptor(n,t))})}return e}({type:e},t)} @ https://d3njgrq4uvb497.cloudfront.net/react/9f760859bd25942956d8162386345ccb-Queue.min.js:0
[     842ms] [WARNING] [GPT] Slot.setTargeting is deprecated, use Slot.setConfig({targeting: ...}) instead.
https://goo.gle/gpt-message#171 @ https://securepubads.g.doubleclick.net/pagead/managed/js/gpt/m202608190101/pubads_impl.js?cb=122880556:18
[     843ms] [WARNING] [GPT] PubAdsService.setTargeting is deprecated, use googletag.setConfig({targeting: ...}) instead.
https://goo.gle/gpt-message#170 @ https://securepubads.g.doubleclick.net/pagead/managed/js/gpt/m202608190101/pubads_impl.js?cb=122880556:18
[     894ms] [LOG] Visibility threshold pct=50, Visibility threshold ms = 0 @ https://tag.durationmedia.net/sites/11159/dm.js:0
[     898ms] [LOG] Braze: Initialization Options: {
  "baseUrl": "sdk.iad-07.braze.com",
  "allowUserSuppliedJavascript": true,
  "enableLogging": true
} @ https://js.appboycdn.com/web-sdk/5.8/braze.no-amd.min.js:23
[     899ms] [LOG] Braze: Initialized for the Braze backend at "sdk.iad-07.braze.com" with API key "08279373-5f4c-4539-9a3e-117896d5ed15". @ https://js.appboycdn.com/web-sdk/5.8/braze.no-amd.min.js:23
[     901ms] [LOG] Braze: Generating session start event with time 1787257662889. Will expire 1787259462889 @ https://js.appboycdn.com/web-sdk/5.8/braze.no-amd.min.js:23
[     914ms] [LOG] Braze: Invoking new session subscriptions @ https://js.appboycdn.com/web-sdk/5.8/braze.no-amd.min.js:23
[    1596ms] [ERROR] Access to fetch at 'https://region-filter.rubyblu.com/check' from origin 'https://www.ksl.com' has been blocked by CORS policy: No 'Access-Control-Allow-Origin' header is present on the requested resource. @ https://www.ksl.com/news/utah:0
[    1597ms] [ERROR] Failed to load resource: net::ERR_FAILED @ https://region-filter.rubyblu.com/check:0
[    1625ms] [LOG] Braze: Upgrading indexedDB AppboyServiceWorkerAsyncStorage to v6... @ https://js.appboycdn.com/web-sdk/5.8/braze.no-amd.min.js:23
[    1794ms] [ERROR] Failed to load resource: net::ERR_NAME_NOT_RESOLVED @ https://ksl-d.openx.net/w/1.0/jstag?nc=6686-KSL_News:0
[    1807ms] [LOG] Braze: Trigger event open did not match any trigger conditions. @ https://js.appboycdn.com/web-sdk/5.8/braze.no-amd.min.js:23
[    1939ms] [WARNING] [GPT] Using deprecated googletag.encryptedSignalProviders. Please use googletag.secureSignalProviders instead.
https://goo.gle/gpt-message#155 @ https://securepubads.g.doubleclick.net/pagead/managed/js/gpt/m202608190101/pubads_impl.js?cb=122880556:18
[    2686ms] [WARNING] An iframe which has both allow-scripts and allow-same-origin for its sandbox attribute can escape its sandboxing. @ https://adl.ksldigital.media/op.js:0
[    2711ms] [WARNING] An iframe which has both allow-scripts and allow-same-origin for its sandbox attribute can escape its sandboxing. @ https://adl.ksldigital.media/op.js:0
[    2943ms] [ERROR] Failed to load resource: the server responded with a status of 404 () @ https://static.admaster.cc/js/admaster/cookieSync.html?tn=2ce2e6e33746b4224011d22068a89c02:0
[    3622ms] [ERROR] Access to fetch at 'https://bpb.opendns.com/b/https/id.a-mx.com/sync/?tagId=&ref=null&u=https://www.ksl.com/news/utah&tl=https://www.ksl.com/news/utah&nf=1&rt=true&v=10.29.0&av=2.0&vg=saambaa_pbjs&us_privacy=1---&am=null&gdpr=0&gdpr_consent=' (redirected from 'https://id.a-mx.com/sync/?tagId=&ref=null&u=https://www.ksl.com/news/utah&tl=https://www.ksl.com/news/utah&nf=1&rt=true&v=10.29.0&av=2.0&vg=saambaa_pbjs&us_privacy=1---&am=null&gdpr=0&gdpr_consent=') from origin 'https://www.ksl.com' has been blocked by CORS policy: The value of the 'Access-Control-Allow-Origin' header in the response must not be the wildcard '*' when the request's credentials mode is 'include'. @ https://www.ksl.com/news/utah:0
[    3622ms] [ERROR] Failed to load resource: net::ERR_FAILED @ https://bpb.opendns.com/b/https/id.a-mx.com/sync/?tagId=&ref=null&u=https://www.ksl.com/news/utah&tl=https://www.ksl.com/news/utah&nf=1&rt=true&v=10.29.0&av=2.0&vg=saambaa_pbjs&us_privacy=1---&am=null&gdpr=0&gdpr_consent=:0
[    3630ms] [ERROR] Access to fetch at 'https://api.rlcdn.com/api/identity/envelope?pid=1258' from origin 'https://www.ksl.com' has been blocked by CORS policy: No 'Access-Control-Allow-Origin' header is present on the requested resource. @ about:srcdoc:0
[    3630ms] [ERROR] Failed to load resource: net::ERR_FAILED @ https://api.rlcdn.com/api/identity/envelope?pid=1258:0
[    5511ms] [ERROR] Failed to load resource: net::ERR_NAME_NOT_RESOLVED @ https://cs.iqzone.com/570908b7e92df631fee32098aa272f7b.gif?puid=IWx692qHY0Me3%2FuoNwAMyg%3D%3D&gdpr=&gdpr_consent=&ccpa=&coppa=&redir=https%3A%2F%2Fssc-cms.33across.com%2Fps%2F%3Fxi%3D145%26ts%3D1787257667339.6%26us_privacy%3D%26xu%3D%5BUID%5D%26gpp_sid%3D%26gpp%3D:0
[    5511ms] [ERROR] Failed to load resource: net::ERR_NAME_NOT_RESOLVED @ https://cs.iqzone.com/570908b7e92df631fee32098aa272f7b.gif?puid=IWx692qHY0Me3%2FuoNwAMyg%3D%3D&gdpr=&gdpr_consent=&ccpa=&coppa=&redir=https%3A%2F%2Fssc-cms.33across.com%2Fps%2F%3Fxi%3D145%26ts%3D1787257667337.6%26us_privacy%3D%26xu%3D%5BUID%5D%26gpp_sid%3D%26gpp%3D:0
[    5511ms] [ERROR] Failed to load resource: net::ERR_NAME_NOT_RESOLVED @ https://cs.iqzone.com/570908b7e92df631fee32098aa272f7b.gif?puid=IWx692qHY0Me3%2FuoNwAMyg%3D%3D&gdpr=&gdpr_consent=&ccpa=&coppa=&redir=https%3A%2F%2Fssc-cms.33across.com%2Fps%2F%3Fxi%3D145%26ts%3D1787257667340.6%26us_privacy%3D%26xu%3D%5BUID%5D%26gpp_sid%3D%26gpp%3D:0
[    5511ms] [ERROR] Failed to load resource: net::ERR_NAME_NOT_RESOLVED @ https://cs.iqzone.com/570908b7e92df631fee32098aa272f7b.gif?puid=8LavImqHY0NfacC4NuwAUw%3D%3D&gdpr=&gdpr_consent=&ccpa=&coppa=&redir=https%3A%2F%2Fssc-cms.33across.com%2Fps%2F%3Fxi%3D145%26ts%3D1787257667340.6%26us_privacy%3D%26xu%3D%5BUID%5D%26gpp_sid%3D%26gpp%3D:0
[    5590ms] [ERROR] Failed to load resource: net::ERR_NAME_NOT_RESOLVED @ https://cs.iqzone.com/570908b7e92df631fee32098aa272f7b.gif?puid=IWx692qHY0Me3%2FuoNwAMyg%3D%3D&gdpr=&gdpr_consent=&ccpa=&coppa=&redir=https%3A%2F%2Fssc-cms.33across.com%2Fps%2F%3Fxi%3D145%26ts%3D1787257667339.6%26us_privacy%3D%26xu%3D%5BUID%5D%26gpp_sid%3D%26gpp%3D:0
[    5733ms] [ERROR] Failed to load resource: net::ERR_HTTP2_SERVER_REFUSED_STREAM @ https://cs.admanmedia.com/73c1e1bfc3bde354d60b80e601ae3914.gif?puid=[UID]&redir=https%3A%2F%2Fonetag-sys.com%2Fmatch%2F%3Fint_id%3D164%26gdpr%3D0%26gdpr_consent%3D%26uid%3D%5BUID%5D&gdpr=0&gdpr_consent=&ccpa=1YN-&coppa=:0
[    5733ms] [ERROR] Failed to load resource: net::ERR_HTTP2_SERVER_REFUSED_STREAM @ https://cs.admanmedia.com/73c1e1bfc3bde354d60b80e601ae3914.gif?puid=[UID]&redir=https%3A%2F%2Fonetag-sys.com%2Fmatch%2F%3Fint_id%3D164%26gdpr%3D1%26gdpr_consent%3D%26uid%3D%5BUID%5D&gdpr=1&gdpr_consent=&ccpa=&coppa=:0
[    5733ms] [ERROR] Failed to load resource: net::ERR_HTTP2_SERVER_REFUSED_STREAM @ https://cs.admanmedia.com/77bb8e39d66271fda1db01d45766b9d9.gif?gdpr=0&gdpr_consent=%5BGDPR_CONSENT%5D&redir=https%3A%2F%2Fcs-server-s2s.yellowblue.io%2Fcs%3Ffwrd%3D1%26aid%3D11559%26id%3D%5BUID%5D:0
[    5733ms] [ERROR] Failed to load resource: net::ERR_HTTP2_SERVER_REFUSED_STREAM @ https://cs.admanmedia.com/73c1e1bfc3bde354d60b80e601ae3914.gif?puid=[UID]&redir=https%3A%2F%2Fonetag-sys.com%2Fmatch%2F%3Fint_id%3D164%26gdpr%3D0%26gdpr_consent%3D%26uid%3D%5BUID%5D&gdpr=0&gdpr_consent=&ccpa=1YN-&coppa=:0
[    5733ms] [ERROR] Failed to load resource: net::ERR_HTTP2_SERVER_REFUSED_STREAM @ https://cs.admanmedia.com/73c1e1bfc3bde354d60b80e601ae3914.gif?puid=[UID]&redir=https%3A%2F%2Fonetag-sys.com%2Fmatch%2F%3Fint_id%3D164%26gdpr%3D1%26gdpr_consent%3D%26uid%3D%5BUID%5D&gdpr=1&gdpr_consent=&ccpa=&coppa=:0
[    5733ms] [ERROR] Failed to load resource: net::ERR_HTTP2_SERVER_REFUSED_STREAM @ https://cs.admanmedia.com/77bb8e39d66271fda1db01d45766b9d9.gif?gdpr=0&gdpr_consent=%5BGDPR_CONSENT%5D&redir=https%3A%2F%2Fcs-server-s2s.yellowblue.io%2Fcs%3Ffwrd%3D1%26aid%3D11559%26id%3D%5BUID%5D:0
[    5865ms] [ERROR] Failed to load resource: the server responded with a status of 400 () @ https://match.prod.bidr.io/cookie-sync/ox?gdpr=0&gdpr_consent=%5BUSER_CONSENT%5D:0
[    5902ms] [ERROR] Failed to load resource: net::ERR_HTTP2_SERVER_REFUSED_STREAM @ https://cs.admanmedia.com/sync/minute_media?gdpr=%5BGDPR%5D&gdpr_consent=%5BUSER_CONSENT%5D&redir=https%3A%2F%2Fcs.minutemedia-prebid.com%2Fcs%3Ffwrd%3D1%26aid%3D21497%26puid%3D%5BUID%5D:0
[    5733ms] [ERROR] Failed to load resource: net::ERR_HTTP2_SERVER_REFUSED_STREAM @ https://cs.admanmedia.com/73c1e1bfc3bde354d60b80e601ae3914.gif?puid=[UID]&redir=https%3A%2F%2Fonetag-sys.com%2Fmatch%2F%3Fint_id%3D164%26gdpr%3D0%26gdpr_consent%3D%26uid%3D%5BUID%5D&gdpr=0&gdpr_consent=&ccpa=1YN-&coppa=:0
[    5733ms] [ERROR] Failed to load resource: net::ERR_HTTP2_SERVER_REFUSED_STREAM @ https://cs.admanmedia.com/73c1e1bfc3bde354d60b80e601ae3914.gif?puid=[UID]&redir=https%3A%2F%2Fonetag-sys.com%2Fmatch%2F%3Fint_id%3D164%26gdpr%3D1%26gdpr_consent%3D%26uid%3D%5BUID%5D&gdpr=1&gdpr_consent=&ccpa=&coppa=:0
[    6240ms] [ERROR] Failed to load resource: net::ERR_HTTP2_SERVER_REFUSED_STREAM @ https://cs.admanmedia.com/73c1e1bfc3bde354d60b80e601ae3914.gif?puid=[UID]&redir=https%3A%2F%2Fonetag-sys.com%2Fmatch%2F%3Fint_id%3D164%26gdpr%3D0%26gdpr_consent%3D%26uid%3D%5BUID%5D&gdpr=0&gdpr_consent=&ccpa=&coppa=:0
[    6240ms] [ERROR] Failed to load resource: net::ERR_HTTP2_SERVER_REFUSED_STREAM @ https://cs.admanmedia.com/sync/minute_media?gdpr=[GDPR]&gdpr_consent=[USER_CONSENT]&redir=https%3A%2F%2Fcs.minutemedia-prebid.com%2Fcs%3Faid%3D21497%26puid%3D%5BUID%5D:0
[    5733ms] [ERROR] Failed to load resource: net::ERR_HTTP2_SERVER_REFUSED_STREAM @ https://cs.admanmedia.com/73c1e1bfc3bde354d60b80e601ae3914.gif?puid=[UID]&redir=https%3A%2F%2Fonetag-sys.com%2Fmatch%2F%3Fint_id%3D164%26gdpr%3D0%26gdpr_consent%3D%26uid%3D%5BUID%5D&gdpr=0&gdpr_consent=&ccpa=1YN-&coppa=:0
[    5733ms] [ERROR] Failed to load resource: net::ERR_HTTP2_SERVER_REFUSED_STREAM @ https://cs.admanmedia.com/73c1e1bfc3bde354d60b80e601ae3914.gif?puid=[UID]&redir=https%3A%2F%2Fonetag-sys.com%2Fmatch%2F%3Fint_id%3D164%26gdpr%3D1%26gdpr_consent%3D%26uid%3D%5BUID%5D&gdpr=1&gdpr_consent=&ccpa=&coppa=:0
[    6240ms] [ERROR] Failed to load resource: net::ERR_HTTP2_SERVER_REFUSED_STREAM @ https://cs.admanmedia.com/73c1e1bfc3bde354d60b80e601ae3914.gif?puid=[UID]&redir=https%3A%2F%2Fonetag-sys.com%2Fmatch%2F%3Fint_id%3D164%26gdpr%3D0%26gdpr_consent%3D%26uid%3D%5BUID%5D&gdpr=0&gdpr_consent=&ccpa=&coppa=:0
[    5733ms] [ERROR] Failed to load resource: net::ERR_HTTP2_SERVER_REFUSED_STREAM @ https://cs.admanmedia.com/77bb8e39d66271fda1db01d45766b9d9.gif?gdpr=0&gdpr_consent=%5BGDPR_CONSENT%5D&redir=https%3A%2F%2Fcs-server-s2s.yellowblue.io%2Fcs%3Ffwrd%3D1%26aid%3D11559%26id%3D%5BUID%5D:0
[    5733ms] [ERROR] Failed to load resource: net::ERR_HTTP2_SERVER_REFUSED_STREAM @ https://cs.admanmedia.com/77bb8e39d66271fda1db01d45766b9d9.gif?gdpr=0&gdpr_consent=%5BGDPR_CONSENT%5D&redir=https%3A%2F%2Fcs-server-s2s.yellowblue.io%2Fcs%3Ffwrd%3D1%26aid%3D11559%26id%3D%5BUID%5D:0
[    6521ms] [ERROR] Refused to execute script from 'https://d2ogoirb28wat7.cloudfront.net/b-2e7c324-d1f60bd5.js' because its MIME type ('image/gif') is not executable. @ https://www.ksl.com/news/utah:0
[    6523ms] [ERROR] Failed to load resource: the server responded with a status of 400 () @ https://cm.mgid.com/m?cdsp=834149&c=75483ad9-cd49-432a-b72c-1de222cce05a:0
[    6524ms] [ERROR] Failed to load resource: the server responded with a status of 424 (Failed Dependency) @ https://t.adx.opera.com/pub/sync?pubid=pub10101531197440&gdpr=1&gdpr_consent=:0
[    6524ms] [ERROR] Failed to load resource: the server responded with a status of 424 (Failed Dependency) @ https://t.adx.opera.com/pub/sync?pubid=pub10101531197440&gdpr=1&gdpr_consent=:0
[    5733ms] [ERROR] Failed to load resource: net::ERR_HTTP2_SERVER_REFUSED_STREAM @ https://cs.admanmedia.com/73c1e1bfc3bde354d60b80e601ae3914.gif?puid=[UID]&redir=https%3A%2F%2Fonetag-sys.com%2Fmatch%2F%3Fint_id%3D164%26gdpr%3D0%26gdpr_consent%3D%26uid%3D%5BUID%5D&gdpr=0&gdpr_consent=&ccpa=1YN-&coppa=:0
[    5733ms] [ERROR] Failed to load resource: net::ERR_HTTP2_SERVER_REFUSED_STREAM @ https://cs.admanmedia.com/73c1e1bfc3bde354d60b80e601ae3914.gif?puid=[UID]&redir=https%3A%2F%2Fonetag-sys.com%2Fmatch%2F%3Fint_id%3D164%26gdpr%3D1%26gdpr_consent%3D%26uid%3D%5BUID%5D&gdpr=1&gdpr_consent=&ccpa=&coppa=:0
[    6240ms] [ERROR] Failed to load resource: net::ERR_HTTP2_SERVER_REFUSED_STREAM @ https://cs.admanmedia.com/73c1e1bfc3bde354d60b80e601ae3914.gif?puid=[UID]&redir=https%3A%2F%2Fonetag-sys.com%2Fmatch%2F%3Fint_id%3D164%26gdpr%3D0%26gdpr_consent%3D%26uid%3D%5BUID%5D&gdpr=0&gdpr_consent=&ccpa=&coppa=:0
[    6524ms] [ERROR] Failed to load resource: the server responded with a status of 424 (Failed Dependency) @ https://t.adx.opera.com/pub/sync?pubid=pub10101531197440&gdpr=1&gdpr_consent=:0
[    6524ms] [ERROR] Failed to load resource: the server responded with a status of 424 (Failed Dependency) @ https://t.adx.opera.com/pub/sync?pubid=pub10101531197440&gdpr=1&gdpr_consent=:0
[    5733ms] [ERROR] Failed to load resource: net::ERR_HTTP2_SERVER_REFUSED_STREAM @ https://cs.admanmedia.com/73c1e1bfc3bde354d60b80e601ae3914.gif?puid=[UID]&redir=https%3A%2F%2Fonetag-sys.com%2Fmatch%2F%3Fint_id%3D164%26gdpr%3D0%26gdpr_consent%3D%26uid%3D%5BUID%5D&gdpr=0&gdpr_consent=&ccpa=1YN-&coppa=:0
[    5733ms] [ERROR] Failed to load resource: net::ERR_HTTP2_SERVER_REFUSED_STREAM @ https://cs.admanmedia.com/73c1e1bfc3bde354d60b80e601ae3914.gif?puid=[UID]&redir=https%3A%2F%2Fonetag-sys.com%2Fmatch%2F%3Fint_id%3D164%26gdpr%3D1%26gdpr_consent%3D%26uid%3D%5BUID%5D&gdpr=1&gdpr_consent=&ccpa=&coppa=:0
[    6240ms] [ERROR] Failed to load resource: net::ERR_HTTP2_SERVER_REFUSED_STREAM @ https://cs.admanmedia.com/73c1e1bfc3bde354d60b80e601ae3914.gif?puid=[UID]&redir=https%3A%2F%2Fonetag-sys.com%2Fmatch%2F%3Fint_id%3D164%26gdpr%3D0%26gdpr_consent%3D%26uid%3D%5BUID%5D&gdpr=0&gdpr_consent=&ccpa=&coppa=:0
[    6524ms] [ERROR] Failed to load resource: the server responded with a status of 424 (Failed Dependency) @ https://t.adx.opera.com/pub/sync?pubid=pub10101531197440&gdpr=1&gdpr_consent=:0
[    6524ms] [ERROR] Failed to load resource: the server responded with a status of 424 (Failed Dependency) @ https://t.adx.opera.com/pub/sync?pubid=pub10101531197440&gdpr=1&gdpr_consent=:0
[    6637ms] [ERROR] Access to fetch at 'https://bpb.opendns.com/b/https/id.a-mx.com/sync?tao=1&&uid=ceef8c68-a2aa-47d9-81f7-e1dcc3a82025' (redirected from 'https://id.a-mx.com/sync?tao=1&&uid=ceef8c68-a2aa-47d9-81f7-e1dcc3a82025') from origin 'https://sync.a-mo.net' has been blocked by CORS policy: The value of the 'Access-Control-Allow-Origin' header in the response must not be the wildcard '*' when the request's credentials mode is 'include'. @ https://sync.a-mo.net/cchain?cb=https%3A%2F%2Fcs.openwebmp.com%2Fcs%3Ffwrd%3D1%26aid%3D40018%26uid%3D&gdpr=%5BGDPR%5D&gdpr_consent=%5BUSER_CONSENT%5D:0
[    6637ms] [ERROR] Failed to load resource: net::ERR_FAILED @ https://bpb.opendns.com/b/https/id.a-mx.com/sync?tao=1&&uid=ceef8c68-a2aa-47d9-81f7-e1dcc3a82025:0
[    6671ms] [ERROR] Failed to load resource: the server responded with a status of 424 (Failed Dependency) @ https://t.adx.opera.com/pub/sync?pubid=pub10101531197440&gdpr=1&gdpr_consent=:0
[    6701ms] [ERROR] Access to fetch at 'https://bpb.opendns.com/b/https/id.a-mx.com/sync?tao=1&&uid=ceef8c68-a2aa-47d9-81f7-e1dcc3a82025' (redirected from 'https://id.a-mx.com/sync?tao=1&&uid=ceef8c68-a2aa-47d9-81f7-e1dcc3a82025') from origin 'https://prebid.a-mo.net' has been blocked by CORS policy: The value of the 'Access-Control-Allow-Origin' header in the response must not be the wildcard '*' when the request's credentials mode is 'include'. @ https://prebid.a-mo.net/cchain/0?gdpr=0&gdpr_consent=&us_privacy=1NNN&cb=https%3A%2F%2Fssp.disqus.com%2Fmatch%3Fbidder%3D6%26r%3DCid1YS1hY2I0ZTA5ZC05YzI5LTNmOGQtYTJiMi0yZTk1YjdmZTNiOGUiBDFOTk4qYmh0dHBzOi8vY3Mtc2VydmVyLXMycy55ZWxsb3dibHVlLmlvL2NzP2Z3cmQ9MSZhaWQ9MTE2MTImaWQ9dWEtYWNiNGUwOWQtOWMyOS0zZjhkLWEyYjItMmU5NWI3ZmUzYjhlMgEGOAFCBVtHUFBd%26buyeruid%3D:0
[    6702ms] [ERROR] Failed to load resource: net::ERR_FAILED @ https://bpb.opendns.com/b/https/id.a-mx.com/sync?tao=1&&uid=ceef8c68-a2aa-47d9-81f7-e1dcc3a82025:0
[    6733ms] [ERROR] Access to fetch at 'https://bpb.opendns.com/b/https/id.a-mx.com/sync?tao=1&&uid=ceef8c68-a2aa-47d9-81f7-e1dcc3a82025' (redirected from 'https://id.a-mx.com/sync?tao=1&&uid=ceef8c68-a2aa-47d9-81f7-e1dcc3a82025') from origin 'https://prebid.a-mo.net' has been blocked by CORS policy: The value of the 'Access-Control-Allow-Origin' header in the response must not be the wildcard '*' when the request's credentials mode is 'include'. @ https://prebid.a-mo.net/isyn?gdpr=0&gdpr_consent=&us_privacy=&cb=https%3A%2F%2Fprebid.adtarget.biz%2Fsetuid%3Fbidder%3Damx%26gdpr%3D0%26gdpr_consent%3D%26f%3Di%26uid%3D:0
[    6733ms] [ERROR] Failed to load resource: net::ERR_FAILED @ https://bpb.opendns.com/b/https/id.a-mx.com/sync?tao=1&&uid=ceef8c68-a2aa-47d9-81f7-e1dcc3a82025:0
[    6761ms] [ERROR] Access to fetch at 'https://bpb.opendns.com/b/https/id.a-mx.com/sync?tao=1&&uid=ceef8c68-a2aa-47d9-81f7-e1dcc3a82025' (redirected from 'https://id.a-mx.com/sync?tao=1&&uid=ceef8c68-a2aa-47d9-81f7-e1dcc3a82025') from origin 'https://prebid.a-mo.net' has been blocked by CORS policy: The value of the 'Access-Control-Allow-Origin' header in the response must not be the wildcard '*' when the request's credentials mode is 'include'. @ https://prebid.a-mo.net/cchain/0?cb=https%3A%2F%2Fcs.openwebmp.com%2Fcs%3Ffwrd%3D1%26aid%3D40018%26uid%3D&gdpr=%5BGDPR%5D&gdpr_consent=%5BUSER_CONSENT%5D:0
[    6761ms] [ERROR] Failed to load resource: net::ERR_FAILED @ https://bpb.opendns.com/b/https/id.a-mx.com/sync?tao=1&&uid=ceef8c68-a2aa-47d9-81f7-e1dcc3a82025:0
[    6907ms] [ERROR] Refused to execute script from 'https://d2ogoirb28wat7.cloudfront.net/b-2e7c324-d1f60bd5.js' because its MIME type ('image/gif') is not executable. @ https://d2ogoirb28wat7.cloudfront.net/b-0d6ee0c-d62ddfac.js:0
[    5865ms] [ERROR] Failed to load resource: the server responded with a status of 400 () @ https://match.prod.bidr.io/cookie-sync/ox?gdpr=0&gdpr_consent=%5BUSER_CONSENT%5D:0
[    5733ms] [ERROR] Failed to load resource: net::ERR_HTTP2_SERVER_REFUSED_STREAM @ https://cs.admanmedia.com/73c1e1bfc3bde354d60b80e601ae3914.gif?puid=[UID]&redir=https%3A%2F%2Fonetag-sys.com%2Fmatch%2F%3Fint_id%3D164%26gdpr%3D0%26gdpr_consent%3D%26uid%3D%5BUID%5D&gdpr=0&gdpr_consent=&ccpa=1YN-&coppa=:0
[    5733ms] [ERROR] Failed to load resource: net::ERR_HTTP2_SERVER_REFUSED_STREAM @ https://cs.admanmedia.com/73c1e1bfc3bde354d60b80e601ae3914.gif?puid=[UID]&redir=https%3A%2F%2Fonetag-sys.com%2Fmatch%2F%3Fint_id%3D164%26gdpr%3D1%26gdpr_consent%3D%26uid%3D%5BUID%5D&gdpr=1&gdpr_consent=&ccpa=&coppa=:0
[    6240ms] [ERROR] Failed to load resource: net::ERR_HTTP2_SERVER_REFUSED_STREAM @ https://cs.admanmedia.com/73c1e1bfc3bde354d60b80e601ae3914.gif?puid=[UID]&redir=https%3A%2F%2Fonetag-sys.com%2Fmatch%2F%3Fint_id%3D164%26gdpr%3D0%26gdpr_consent%3D%26uid%3D%5BUID%5D&gdpr=0&gdpr_consent=&ccpa=&coppa=:0
[    6524ms] [ERROR] Failed to load resource: the server responded with a status of 424 (Failed Dependency) @ https://t.adx.opera.com/pub/sync?pubid=pub10101531197440&gdpr=1&gdpr_consent=:0
[    6524ms] [ERROR] Failed to load resource: the server responded with a status of 424 (Failed Dependency) @ https://t.adx.opera.com/pub/sync?pubid=pub10101531197440&gdpr=1&gdpr_consent=:0
[    6671ms] [ERROR] Failed to load resource: the server responded with a status of 424 (Failed Dependency) @ https://t.adx.opera.com/pub/sync?pubid=pub10101531197440&gdpr=1&gdpr_consent=:0
[    5865ms] [ERROR] Failed to load resource: the server responded with a status of 400 () @ https://match.prod.bidr.io/cookie-sync/ox?gdpr=0&gdpr_consent=%5BUSER_CONSENT%5D:0
[    5733ms] [ERROR] Failed to load resource: net::ERR_HTTP2_SERVER_REFUSED_STREAM @ https://cs.admanmedia.com/73c1e1bfc3bde354d60b80e601ae3914.gif?puid=[UID]&redir=https%3A%2F%2Fonetag-sys.com%2Fmatch%2F%3Fint_id%3D164%26gdpr%3D0%26gdpr_consent%3D%26uid%3D%5BUID%5D&gdpr=0&gdpr_consent=&ccpa=1YN-&coppa=:0
[    5733ms] [ERROR] Failed to load resource: net::ERR_HTTP2_SERVER_REFUSED_STREAM @ https://cs.admanmedia.com/73c1e1bfc3bde354d60b80e601ae3914.gif?puid=[UID]&redir=https%3A%2F%2Fonetag-sys.com%2Fmatch%2F%3Fint_id%3D164%26gdpr%3D1%26gdpr_consent%3D%26uid%3D%5BUID%5D&gdpr=1&gdpr_consent=&ccpa=&coppa=:0
[    6240ms] [ERROR] Failed to load resource: net::ERR_HTTP2_SERVER_REFUSED_STREAM @ https://cs.admanmedia.com/73c1e1bfc3bde354d60b80e601ae3914.gif?puid=[UID]&redir=https%3A%2F%2Fonetag-sys.com%2Fmatch%2F%3Fint_id%3D164%26gdpr%3D0%26gdpr_consent%3D%26uid%3D%5BUID%5D&gdpr=0&gdpr_consent=&ccpa=&coppa=:0
[    6524ms] [ERROR] Failed to load resource: the server responded with a status of 424 (Failed Dependency) @ https://t.adx.opera.com/pub/sync?pubid=pub10101531197440&gdpr=1&gdpr_consent=:0
[    6524ms] [ERROR] Failed to load resource: the server responded with a status of 424 (Failed Dependency) @ https://t.adx.opera.com/pub/sync?pubid=pub10101531197440&gdpr=1&gdpr_consent=:0
[    6671ms] [ERROR] Failed to load resource: the server responded with a status of 424 (Failed Dependency) @ https://t.adx.opera.com/pub/sync?pubid=pub10101531197440&gdpr=1&gdpr_consent=:0
[    6994ms] [ERROR] Failed to load resource: the server responded with a status of 403 () @ https://c1.adform.net/serving/cookie/match?party=1276:0
[    5865ms] [ERROR] Failed to load resource: the server responded with a status of 400 () @ https://match.prod.bidr.io/cookie-sync/ox?gdpr=0&gdpr_consent=%5BUSER_CONSENT%5D:0
[    5733ms] [ERROR] Failed to load resource: net::ERR_HTTP2_SERVER_REFUSED_STREAM @ https://cs.admanmedia.com/73c1e1bfc3bde354d60b80e601ae3914.gif?puid=[UID]&redir=https%3A%2F%2Fonetag-sys.com%2Fmatch%2F%3Fint_id%3D164%26gdpr%3D0%26gdpr_consent%3D%26uid%3D%5BUID%5D&gdpr=0&gdpr_consent=&ccpa=1YN-&coppa=:0
[    5733ms] [ERROR] Failed to load resource: net::ERR_HTTP2_SERVER_REFUSED_STREAM @ https://cs.admanmedia.com/73c1e1bfc3bde354d60b80e601ae3914.gif?puid=[UID]&redir=https%3A%2F%2Fonetag-sys.com%2Fmatch%2F%3Fint_id%3D164%26gdpr%3D1%26gdpr_consent%3D%26uid%3D%5BUID%5D&gdpr=1&gdpr_consent=&ccpa=&coppa=:0
[    6240ms] [ERROR] Failed to load resource: net::ERR_HTTP2_SERVER_REFUSED_STREAM @ https://cs.admanmedia.com/73c1e1bfc3bde354d60b80e601ae3914.gif?puid=[UID]&redir=https%3A%2F%2Fonetag-sys.com%2Fmatch%2F%3Fint_id%3D164%26gdpr%3D0%26gdpr_consent%3D%26uid%3D%5BUID%5D&gdpr=0&gdpr_consent=&ccpa=&coppa=:0
[    6524ms] [ERROR] Failed to load resource: the server responded with a status of 424 (Failed Dependency) @ https://t.adx.opera.com/pub/sync?pubid=pub10101531197440&gdpr=1&gdpr_consent=:0
[    6524ms] [ERROR] Failed to load resource: the server responded with a status of 424 (Failed Dependency) @ https://t.adx.opera.com/pub/sync?pubid=pub10101531197440&gdpr=1&gdpr_consent=:0
[    6671ms] [ERROR] Failed to load resource: the server responded with a status of 424 (Failed Dependency) @ https://t.adx.opera.com/pub/sync?pubid=pub10101531197440&gdpr=1&gdpr_consent=:0
[    7044ms] [ERROR] Failed to load resource: net::ERR_HTTP2_SERVER_REFUSED_STREAM @ https://cs.admanmedia.com/73c1e1bfc3bde354d60b80e601ae3914.gif?puid=[UID]&redir=https%3A%2F%2Fonetag-sys.com%2Fmatch%2F%3Fint_id%3D164%26gdpr%3D0%26gdpr_consent%3D%26uid%3D%5BUID%5D&gdpr=0&gdpr_consent=&ccpa=&coppa=:0
[    7069ms] [ERROR] Failed to load resource: the server responded with a status of 417 (Expectation Failed) @ https://t.adx.opera.com/pub/sync?pubid=pub11511909236288:0
[    7109ms] [ERROR] Failed to load resource: the server responded with a status of 424 (Failed Dependency) @ https://t.adx.opera.com/pub/sync?pubid=pub10101531197440&gdpr=1&gdpr_consent=:0
[    7236ms] [ERROR] Failed to load resource: the server responded with a status of 424 (Failed Dependency) @ https://t.adx.opera.com/pub/sync?pubid=pub10101531197440&gdpr=1&gdpr_consent=:0
[    7384ms] [ERROR] Failed to load resource: net::ERR_HTTP2_SERVER_REFUSED_STREAM @ https://cs.admanmedia.com/73c1e1bfc3bde354d60b80e601ae3914.gif?puid=[UID]&redir=https%3A%2F%2Fonetag-sys.com%2Fmatch%2F%3Fint_id%3D164%26gdpr%3D1%26gdpr_consent%3D%26uid%3D%5BUID%5D&gdpr=1&gdpr_consent=&ccpa=&coppa=:0
[    6637ms] [ERROR] Access to fetch at 'https://bpb.opendns.com/b/https/id.a-mx.com/sync?tao=1&&uid=ceef8c68-a2aa-47d9-81f7-e1dcc3a82025' (redirected from 'https://id.a-mx.com/sync?tao=1&&uid=ceef8c68-a2aa-47d9-81f7-e1dcc3a82025') from origin 'https://sync.a-mo.net' has been blocked by CORS policy: The value of the 'Access-Control-Allow-Origin' header in the response must not be the wildcard '*' when the request's credentials mode is 'include'. @ https://sync.a-mo.net/cchain?cb=https%3A%2F%2Fcs.openwebmp.com%2Fcs%3Ffwrd%3D1%26aid%3D40018%26uid%3D&gdpr=%5BGDPR%5D&gdpr_consent=%5BUSER_CONSENT%5D:0
[    6637ms] [ERROR] Failed to load resource: net::ERR_FAILED @ https://bpb.opendns.com/b/https/id.a-mx.com/sync?tao=1&&uid=ceef8c68-a2aa-47d9-81f7-e1dcc3a82025:0
[    6701ms] [ERROR] Access to fetch at 'https://bpb.opendns.com/b/https/id.a-mx.com/sync?tao=1&&uid=ceef8c68-a2aa-47d9-81f7-e1dcc3a82025' (redirected from 'https://id.a-mx.com/sync?tao=1&&uid=ceef8c68-a2aa-47d9-81f7-e1dcc3a82025') from origin 'https://prebid.a-mo.net' has been blocked by CORS policy: The value of the 'Access-Control-Allow-Origin' header in the response must not be the wildcard '*' when the request's credentials mode is 'include'. @ https://prebid.a-mo.net/cchain/0?gdpr=0&gdpr_consent=&us_privacy=1NNN&cb=https%3A%2F%2Fssp.disqus.com%2Fmatch%3Fbidder%3D6%26r%3DCid1YS1hY2I0ZTA5ZC05YzI5LTNmOGQtYTJiMi0yZTk1YjdmZTNiOGUiBDFOTk4qYmh0dHBzOi8vY3Mtc2VydmVyLXMycy55ZWxsb3dibHVlLmlvL2NzP2Z3cmQ9MSZhaWQ9MTE2MTImaWQ9dWEtYWNiNGUwOWQtOWMyOS0zZjhkLWEyYjItMmU5NWI3ZmUzYjhlMgEGOAFCBVtHUFBd%26buyeruid%3D:0
[    6702ms] [ERROR] Failed to load resource: net::ERR_FAILED @ https://bpb.opendns.com/b/https/id.a-mx.com/sync?tao=1&&uid=ceef8c68-a2aa-47d9-81f7-e1dcc3a82025:0
[    6733ms] [ERROR] Access to fetch at 'https://bpb.opendns.com/b/https/id.a-mx.com/sync?tao=1&&uid=ceef8c68-a2aa-47d9-81f7-e1dcc3a82025' (redirected from 'https://id.a-mx.com/sync?tao=1&&uid=ceef8c68-a2aa-47d9-81f7-e1dcc3a82025') from origin 'https://prebid.a-mo.net' has been blocked by CORS policy: The value of the 'Access-Control-Allow-Origin' header in the response must not be the wildcard '*' when the request's credentials mode is 'include'. @ https://prebid.a-mo.net/isyn?gdpr=0&gdpr_consent=&us_privacy=&cb=https%3A%2F%2Fprebid.adtarget.biz%2Fsetuid%3Fbidder%3Damx%26gdpr%3D0%26gdpr_consent%3D%26f%3Di%26uid%3D:0
[    6733ms] [ERROR] Failed to load resource: net::ERR_FAILED @ https://bpb.opendns.com/b/https/id.a-mx.com/sync?tao=1&&uid=ceef8c68-a2aa-47d9-81f7-e1dcc3a82025:0
[    6761ms] [ERROR] Access to fetch at 'https://bpb.opendns.com/b/https/id.a-mx.com/sync?tao=1&&uid=ceef8c68-a2aa-47d9-81f7-e1dcc3a82025' (redirected from 'https://id.a-mx.com/sync?tao=1&&uid=ceef8c68-a2aa-47d9-81f7-e1dcc3a82025') from origin 'https://prebid.a-mo.net' has been blocked by CORS policy: The value of the 'Access-Control-Allow-Origin' header in the response must not be the wildcard '*' when the request's credentials mode is 'include'. @ https://prebid.a-mo.net/cchain/0?cb=https%3A%2F%2Fcs.openwebmp.com%2Fcs%3Ffwrd%3D1%26aid%3D40018%26uid%3D&gdpr=%5BGDPR%5D&gdpr_consent=%5BUSER_CONSENT%5D:0
[    6761ms] [ERROR] Failed to load resource: net::ERR_FAILED @ https://bpb.opendns.com/b/https/id.a-mx.com/sync?tao=1&&uid=ceef8c68-a2aa-47d9-81f7-e1dcc3a82025:0
[    7744ms] [ERROR] Failed to load resource: net::ERR_SOCKET_NOT_CONNECTED @ https://tracker.ssp.balance-x.com/sync?gdpr=%7BGDPR%7D&gdpr_consent=%7BGDPR_CONSENT%7D&id=1&uid=%7BYOUR_USER_ID%7D:0
[    7785ms] [ERROR] Access to fetch at 'https://bpb.opendns.com/b/https/id.a-mx.com/sync?tao=1&&uid=ceef8c68-a2aa-47d9-81f7-e1dcc3a82025' (redirected from 'https://id.a-mx.com/sync?tao=1&&uid=ceef8c68-a2aa-47d9-81f7-e1dcc3a82025') from origin 'https://usw1-sync.a-mo.net' has been blocked by CORS policy: The value of the 'Access-Control-Allow-Origin' header in the response must not be the wildcard '*' when the request's credentials mode is 'include'. @ https://usw1-sync.a-mo.net/isyn?__st=iframe&gdpr=0&us_privacy=1---&_e=TVAxheNZMKu5riizL5hz-BspIV4Y-ZJdc6dkJG4xbEtBoYKraCvrl2rDOQvWuJ4KBxKRFDTt8NTWXlfQ8MCeVCFSsmI875dKUndJhnaKmAkhWSEG_0KNWuT4a3HyHOtYBct6PC8Vu_4esxpc9mkykgZlSKijPrvIc8JCh-R8ST4156TbBDWsobu6e0dAMw-zD75iAtRSl0hXNAMIPhgiPF5-LzvYBia4Bo4ac5y9j22X-HOBa5zzEwsRV08kXNlkgOQpOaUbjOMzaa0jkR65jQSTeBIqmUdLeXb6Ml82nC-YJehVJGDsWJFuXc8ppSBGn5KsJ2g0uHZBYjC-lnISPz_7bCUeaYTlSsS43qY3U7149aUeuA2seuq2_CfE2vTUFcraNg1DMZbz0FkPbwUhN_P0JMb8SD31J-P2P_P-l596VUqCJ0-B8Q:0
[    7785ms] [ERROR] Failed to load resource: net::ERR_FAILED @ https://bpb.opendns.com/b/https/id.a-mx.com/sync?tao=1&&uid=ceef8c68-a2aa-47d9-81f7-e1dcc3a82025:0
[    7798ms] [ERROR] Attestation check for Shared Storage on https://www.googleadservices.com failed. @ https://www.googleadservices.com/pagead/managed/js/activeview/current/reach_worklet.html:0
[    7849ms] [ERROR] Failed to load resource: net::ERR_CERT_DATE_INVALID @ https://tracker.adex-rtb.com/sync?id=1&uid=84792A96E72845ED8AE127BFFE12D0B2:0
[    7946ms] [ERROR] Failed to load resource: net::ERR_NAME_NOT_RESOLVED @ https://cs.lkqd.net/cs?partnerId=59&redirect=https%3A%2F%2Fcm.g.doubleclick.net%2Fpixel%3Fgoogle_nid%3Dlkqd_dbm%26google_hm%3D%24%24rawlkqduserid%7Cbase64%24%24:0
[    7946ms] [ERROR] Failed to load resource: net::ERR_NAME_NOT_RESOLVED @ https://cs.lkqd.net/cs?partnerId=59&partnerUserId=CAESEHbQA2CxWpydWpzOQWTtR_E&google_cver=1:0
[    8079ms] [ERROR] Refused to execute script from 'https://d2ogoirb28wat7.cloudfront.net/b-2e7c324-d1f60bd5.js' because its MIME type ('image/gif') is not executable. @ https://d2ogoirb28wat7.cloudfront.net/b-0d6ee0c-d62ddfac.js:0
[    7798ms] [ERROR] Attestation check for Shared Storage on https://www.googleadservices.com failed. @ https://www.googleadservices.com/pagead/managed/js/activeview/current/reach_worklet.html:0
[    8184ms] [ERROR] Attestation check for Shared Storage on https://www.googleadservices.com failed. @ https://www.googleadservices.com/pagead/managed/js/activeview/current/reach_worklet.html:0
[    8386ms] [ERROR] Refused to execute script from 'https://d2ogoirb28wat7.cloudfront.net/b-2e7c324-d1f60bd5.js' because its MIME type ('image/gif') is not executable. @ https://d2ogoirb28wat7.cloudfront.net/b-0d6ee0c-d62ddfac.js:0
[    7798ms] [ERROR] Attestation check for Shared Storage on https://www.googleadservices.com failed. @ https://www.googleadservices.com/pagead/managed/js/activeview/current/reach_worklet.html:0
[    8184ms] [ERROR] Attestation check for Shared Storage on https://www.googleadservices.com failed. @ https://www.googleadservices.com/pagead/managed/js/activeview/current/reach_worklet.html:0
[    8459ms] [TIMEEND] a: 0.0009765625 ms @ https://static.adsafeprotected.com/sca.17.6.4.js:31
[    8505ms] [ERROR] Attestation check for Shared Storage on https://www.googleadservices.com failed. @ https://www.googleadservices.com/pagead/managed/js/activeview/current/reach_worklet.html:0
[    8526ms] [TIMEEND] a: 0 ms @ https://static.adsafeprotected.com/sca.17.6.4.js:31
[    7744ms] [ERROR] Failed to load resource: net::ERR_SOCKET_NOT_CONNECTED @ https://tracker.ssp.balance-x.com/sync?gdpr=%7BGDPR%7D&gdpr_consent=%7BGDPR_CONSENT%7D&id=1&uid=%7BYOUR_USER_ID%7D:0
[    8826ms] [TIMEEND] a: 0.0009765625 ms @ https://static.adsafeprotected.com/sca.17.6.4.js:31
[    7744ms] [ERROR] Failed to load resource: net::ERR_SOCKET_NOT_CONNECTED @ https://tracker.ssp.balance-x.com/sync?gdpr=%7BGDPR%7D&gdpr_consent=%7BGDPR_CONSENT%7D&id=1&uid=%7BYOUR_USER_ID%7D:0
[    8965ms] [DIR] SyntaxError @ https://js.ad-score.com/score.min.js?pid=1000925&tt=g:1
[    9113ms] [DIR] SyntaxError @ https://js.ad-score.com/score.min.js?pid=1000925&tt=g:1
[    5733ms] [ERROR] Failed to load resource: net::ERR_HTTP2_SERVER_REFUSED_STREAM @ https://cs.admanmedia.com/77bb8e39d66271fda1db01d45766b9d9.gif?gdpr=0&gdpr_consent=%5BGDPR_CONSENT%5D&redir=https%3A%2F%2Fcs-server-s2s.yellowblue.io%2Fcs%3Ffwrd%3D1%26aid%3D11559%26id%3D%5BUID%5D:0
[    9565ms] [ERROR] Refused to execute script from 'https://d2ogoirb28wat7.cloudfront.net/b-2e7c324-d1f60bd5.js' because its MIME type ('image/gif') is not executable. @ https://d2ogoirb28wat7.cloudfront.net/b-0d6ee0c-d62ddfac.js:0
[    7798ms] [ERROR] Attestation check for Shared Storage on https://www.googleadservices.com failed. @ https://www.googleadservices.com/pagead/managed/js/activeview/current/reach_worklet.html:0
[    8184ms] [ERROR] Attestation check for Shared Storage on https://www.googleadservices.com failed. @ https://www.googleadservices.com/pagead/managed/js/activeview/current/reach_worklet.html:0
[    8505ms] [ERROR] Attestation check for Shared Storage on https://www.googleadservices.com failed. @ https://www.googleadservices.com/pagead/managed/js/activeview/current/reach_worklet.html:0
[    9642ms] [ERROR] Attestation check for Shared Storage on https://www.googleadservices.com failed. @ https://www.googleadservices.com/pagead/managed/js/activeview/current/reach_worklet.html:0
[    9867ms] [ERROR] Failed to load resource: net::ERR_CONNECTION_CLOSED @ https://tracker.ssp.balance-x.com/sync?gdpr=%7BGDPR%7D&gdpr_consent=%7BGDPR_CONSENT%7D&id=1&uid=%7BYOUR_USER_ID%7D:0
[    5733ms] [ERROR] Failed to load resource: net::ERR_HTTP2_SERVER_REFUSED_STREAM @ https://cs.admanmedia.com/77bb8e39d66271fda1db01d45766b9d9.gif?gdpr=0&gdpr_consent=%5BGDPR_CONSENT%5D&redir=https%3A%2F%2Fcs-server-s2s.yellowblue.io%2Fcs%3Ffwrd%3D1%26aid%3D11559%26id%3D%5BUID%5D:0
[    5865ms] [ERROR] Failed to load resource: the server responded with a status of 400 () @ https://match.prod.bidr.io/cookie-sync/ox?gdpr=0&gdpr_consent=%5BUSER_CONSENT%5D:0
[   10203ms] [ERROR] Error decoding tpids in b-15x: SyntaxError: Expected ':' after property name in JSON at position 5 (line 1 column 6)
    at JSON.parse (<anonymous>)
    at https://pxdrop.lijit.com/a/t_.htm?ver=1.2087.1178&cid=c026:1:1787
    at jsLib.onload (https://pxdrop.lijit.com/a/t_.htm?ver=1.2087.1178&cid=c026:1:2650) @ https://pxdrop.lijit.com/a/t_.htm?ver=1.2087.1178&cid=c026:0
[   10205ms] [ERROR] Error decoding tpids in b15-y: SyntaxError: Expected ':' after property name in JSON at position 5 (line 1 column 6)
    at JSON.parse (<anonymous>)
    at https://pxdrop.lijit.com/a/t_.htm?ver=1.2087.1178&cid=c026:1:1787
    at jsLib.onload (https://pxdrop.lijit.com/a/t_.htm?ver=1.2087.1178&cid=c026:1:2650) @ https://pxdrop.lijit.com/a/t_.htm?ver=1.2087.1178&cid=c026:0
[   10205ms] [ERROR] Error decoding tpids in b-15z: SyntaxError: Expected ':' after property name in JSON at position 5 (line 1 column 6)
    at JSON.parse (<anonymous>)
    at https://pxdrop.lijit.com/a/t_.htm?ver=1.2087.1178&cid=c026:1:1787
    at jsLib.onload (https://pxdrop.lijit.com/a/t_.htm?ver=1.2087.1178&cid=c026:1:2650) @ https://pxdrop.lijit.com/a/t_.htm?ver=1.2087.1178&cid=c026:0
[   10206ms] [ERROR] Error decoding tpids in b-160: SyntaxError: Expected ':' after property name in JSON at position 5 (line 1 column 6)
    at JSON.parse (<anonymous>)
    at https://pxdrop.lijit.com/a/t_.htm?ver=1.2087.1178&cid=c026:1:1787
    at jsLib.onload (https://pxdrop.lijit.com/a/t_.htm?ver=1.2087.1178&cid=c026:1:2650) @ https://pxdrop.lijit.com/a/t_.htm?ver=1.2087.1178&cid=c026:0
[    6637ms] [ERROR] Access to fetch at 'https://bpb.opendns.com/b/https/id.a-mx.com/sync?tao=1&&uid=ceef8c68-a2aa-47d9-81f7-e1dcc3a82025' (redirected from 'https://id.a-mx.com/sync?tao=1&&uid=ceef8c68-a2aa-47d9-81f7-e1dcc3a82025') from origin 'https://sync.a-mo.net' has been blocked by CORS policy: The value of the 'Access-Control-Allow-Origin' header in the response must not be the wildcard '*' when the request's credentials mode is 'include'. @ https://sync.a-mo.net/cchain?cb=https%3A%2F%2Fcs.openwebmp.com%2Fcs%3Ffwrd%3D1%26aid%3D40018%26uid%3D&gdpr=%5BGDPR%5D&gdpr_consent=%5BUSER_CONSENT%5D:0
[    6637ms] [ERROR] Failed to load resource: net::ERR_FAILED @ https://bpb.opendns.com/b/https/id.a-mx.com/sync?tao=1&&uid=ceef8c68-a2aa-47d9-81f7-e1dcc3a82025:0
[    6701ms] [ERROR] Access to fetch at 'https://bpb.opendns.com/b/https/id.a-mx.com/sync?tao=1&&uid=ceef8c68-a2aa-47d9-81f7-e1dcc3a82025' (redirected from 'https://id.a-mx.com/sync?tao=1&&uid=ceef8c68-a2aa-47d9-81f7-e1dcc3a82025') from origin 'https://prebid.a-mo.net' has been blocked by CORS policy: The value of the 'Access-Control-Allow-Origin' header in the response must not be the wildcard '*' when the request's credentials mode is 'include'. @ https://prebid.a-mo.net/cchain/0?gdpr=0&gdpr_consent=&us_privacy=1NNN&cb=https%3A%2F%2Fssp.disqus.com%2Fmatch%3Fbidder%3D6%26r%3DCid1YS1hY2I0ZTA5ZC05YzI5LTNmOGQtYTJiMi0yZTk1YjdmZTNiOGUiBDFOTk4qYmh0dHBzOi8vY3Mtc2VydmVyLXMycy55ZWxsb3dibHVlLmlvL2NzP2Z3cmQ9MSZhaWQ9MTE2MTImaWQ9dWEtYWNiNGUwOWQtOWMyOS0zZjhkLWEyYjItMmU5NWI3ZmUzYjhlMgEGOAFCBVtHUFBd%26buyeruid%3D:0
[    6702ms] [ERROR] Failed to load resource: net::ERR_FAILED @ https://bpb.opendns.com/b/https/id.a-mx.com/sync?tao=1&&uid=ceef8c68-a2aa-47d9-81f7-e1dcc3a82025:0
[    6733ms] [ERROR] Access to fetch at 'https://bpb.opendns.com/b/https/id.a-mx.com/sync?tao=1&&uid=ceef8c68-a2aa-47d9-81f7-e1dcc3a82025' (redirected from 'https://id.a-mx.com/sync?tao=1&&uid=ceef8c68-a2aa-47d9-81f7-e1dcc3a82025') from origin 'https://prebid.a-mo.net' has been blocked by CORS policy: The value of the 'Access-Control-Allow-Origin' header in the response must not be the wildcard '*' when the request's credentials mode is 'include'. @ https://prebid.a-mo.net/isyn?gdpr=0&gdpr_consent=&us_privacy=&cb=https%3A%2F%2Fprebid.adtarget.biz%2Fsetuid%3Fbidder%3Damx%26gdpr%3D0%26gdpr_consent%3D%26f%3Di%26uid%3D:0
[    6733ms] [ERROR] Failed to load resource: net::ERR_FAILED @ https://bpb.opendns.com/b/https/id.a-mx.com/sync?tao=1&&uid=ceef8c68-a2aa-47d9-81f7-e1dcc3a82025:0
[    6761ms] [ERROR] Access to fetch at 'https://bpb.opendns.com/b/https/id.a-mx.com/sync?tao=1&&uid=ceef8c68-a2aa-47d9-81f7-e1dcc3a82025' (redirected from 'https://id.a-mx.com/sync?tao=1&&uid=ceef8c68-a2aa-47d9-81f7-e1dcc3a82025') from origin 'https://prebid.a-mo.net' has been blocked by CORS policy: The value of the 'Access-Control-Allow-Origin' header in the response must not be the wildcard '*' when the request's credentials mode is 'include'. @ https://prebid.a-mo.net/cchain/0?cb=https%3A%2F%2Fcs.openwebmp.com%2Fcs%3Ffwrd%3D1%26aid%3D40018%26uid%3D&gdpr=%5BGDPR%5D&gdpr_consent=%5BUSER_CONSENT%5D:0
[    6761ms] [ERROR] Failed to load resource: net::ERR_FAILED @ https://bpb.opendns.com/b/https/id.a-mx.com/sync?tao=1&&uid=ceef8c68-a2aa-47d9-81f7-e1dcc3a82025:0
[    7785ms] [ERROR] Access to fetch at 'https://bpb.opendns.com/b/https/id.a-mx.com/sync?tao=1&&uid=ceef8c68-a2aa-47d9-81f7-e1dcc3a82025' (redirected from 'https://id.a-mx.com/sync?tao=1&&uid=ceef8c68-a2aa-47d9-81f7-e1dcc3a82025') from origin 'https://usw1-sync.a-mo.net' has been blocked by CORS policy: The value of the 'Access-Control-Allow-Origin' header in the response must not be the wildcard '*' when the request's credentials mode is 'include'. @ https://usw1-sync.a-mo.net/isyn?__st=iframe&gdpr=0&us_privacy=1---&_e=TVAxheNZMKu5riizL5hz-BspIV4Y-ZJdc6dkJG4xbEtBoYKraCvrl2rDOQvWuJ4KBxKRFDTt8NTWXlfQ8MCeVCFSsmI875dKUndJhnaKmAkhWSEG_0KNWuT4a3HyHOtYBct6PC8Vu_4esxpc9mkykgZlSKijPrvIc8JCh-R8ST4156TbBDWsobu6e0dAMw-zD75iAtRSl0hXNAMIPhgiPF5-LzvYBia4Bo4ac5y9j22X-HOBa5zzEwsRV08kXNlkgOQpOaUbjOMzaa0jkR65jQSTeBIqmUdLeXb6Ml82nC-YJehVJGDsWJFuXc8ppSBGn5KsJ2g0uHZBYjC-lnISPz_7bCUeaYTlSsS43qY3U7149aUeuA2seuq2_CfE2vTUFcraNg1DMZbz0FkPbwUhN_P0JMb8SD31J-P2P_P-l596VUqCJ0-B8Q:0
[    7785ms] [ERROR] Failed to load resource: net::ERR_FAILED @ https://bpb.opendns.com/b/https/id.a-mx.com/sync?tao=1&&uid=ceef8c68-a2aa-47d9-81f7-e1dcc3a82025:0
[    5733ms] [ERROR] Failed to load resource: net::ERR_HTTP2_SERVER_REFUSED_STREAM @ https://cs.admanmedia.com/73c1e1bfc3bde354d60b80e601ae3914.gif?puid=[UID]&redir=https%3A%2F%2Fonetag-sys.com%2Fmatch%2F%3Fint_id%3D164%26gdpr%3D0%26gdpr_consent%3D%26uid%3D%5BUID%5D&gdpr=0&gdpr_consent=&ccpa=1YN-&coppa=:0
[    5733ms] [ERROR] Failed to load resource: net::ERR_HTTP2_SERVER_REFUSED_STREAM @ https://cs.admanmedia.com/73c1e1bfc3bde354d60b80e601ae3914.gif?puid=[UID]&redir=https%3A%2F%2Fonetag-sys.com%2Fmatch%2F%3Fint_id%3D164%26gdpr%3D1%26gdpr_consent%3D%26uid%3D%5BUID%5D&gdpr=1&gdpr_consent=&ccpa=&coppa=:0
[    6240ms] [ERROR] Failed to load resource: net::ERR_HTTP2_SERVER_REFUSED_STREAM @ https://cs.admanmedia.com/73c1e1bfc3bde354d60b80e601ae3914.gif?puid=[UID]&redir=https%3A%2F%2Fonetag-sys.com%2Fmatch%2F%3Fint_id%3D164%26gdpr%3D0%26gdpr_consent%3D%26uid%3D%5BUID%5D&gdpr=0&gdpr_consent=&ccpa=&coppa=:0
[    6524ms] [ERROR] Failed to load resource: the server responded with a status of 424 (Failed Dependency) @ https://t.adx.opera.com/pub/sync?pubid=pub10101531197440&gdpr=1&gdpr_consent=:0
[    6524ms] [ERROR] Failed to load resource: the server responded with a status of 424 (Failed Dependency) @ https://t.adx.opera.com/pub/sync?pubid=pub10101531197440&gdpr=1&gdpr_consent=:0
[    6671ms] [ERROR] Failed to load resource: the server responded with a status of 424 (Failed Dependency) @ https://t.adx.opera.com/pub/sync?pubid=pub10101531197440&gdpr=1&gdpr_consent=:0
[    7044ms] [ERROR] Failed to load resource: net::ERR_HTTP2_SERVER_REFUSED_STREAM @ https://cs.admanmedia.com/73c1e1bfc3bde354d60b80e601ae3914.gif?puid=[UID]&redir=https%3A%2F%2Fonetag-sys.com%2Fmatch%2F%3Fint_id%3D164%26gdpr%3D0%26gdpr_consent%3D%26uid%3D%5BUID%5D&gdpr=0&gdpr_consent=&ccpa=&coppa=:0
[    7109ms] [ERROR] Failed to load resource: the server responded with a status of 424 (Failed Dependency) @ https://t.adx.opera.com/pub/sync?pubid=pub10101531197440&gdpr=1&gdpr_consent=:0
[    7236ms] [ERROR] Failed to load resource: the server responded with a status of 424 (Failed Dependency) @ https://t.adx.opera.com/pub/sync?pubid=pub10101531197440&gdpr=1&gdpr_consent=:0
[    7384ms] [ERROR] Failed to load resource: net::ERR_HTTP2_SERVER_REFUSED_STREAM @ https://cs.admanmedia.com/73c1e1bfc3bde354d60b80e601ae3914.gif?puid=[UID]&redir=https%3A%2F%2Fonetag-sys.com%2Fmatch%2F%3Fint_id%3D164%26gdpr%3D1%26gdpr_consent%3D%26uid%3D%5BUID%5D&gdpr=1&gdpr_consent=&ccpa=&coppa=:0
[   10430ms] [ERROR] Failed to load resource: the server responded with a status of 424 (Failed Dependency) @ https://t.adx.opera.com/pub/sync?pubid=pub10101531197440&gdpr=1&gdpr_consent=:0
[   10519ms] [ERROR] Access to fetch at 'https://bpb.opendns.com/b/https/id.a-mx.com/sync?tao=1&&uid=ceef8c68-a2aa-47d9-81f7-e1dcc3a82025' (redirected from 'https://id.a-mx.com/sync?tao=1&&uid=ceef8c68-a2aa-47d9-81f7-e1dcc3a82025') from origin 'https://prebid.a-mo.net' has been blocked by CORS policy: The value of the 'Access-Control-Allow-Origin' header in the response must not be the wildcard '*' when the request's credentials mode is 'include'. @ https://prebid.a-mo.net/isyn?gdpr=&gdpr_consent=&us_privacy=&gpp=&gpp_sid=&cb=https%3A%2F%2Fsync.adkernel.com%2Fuser-sync%3Fzone%3D308936%26dsp%3D811921%26t%3Diframe%26uid%3D%24UID:0
[   10519ms] [ERROR] Failed to load resource: net::ERR_FAILED @ https://bpb.opendns.com/b/https/id.a-mx.com/sync?tao=1&&uid=ceef8c68-a2aa-47d9-81f7-e1dcc3a82025:0
[    6637ms] [ERROR] Access to fetch at 'https://bpb.opendns.com/b/https/id.a-mx.com/sync?tao=1&&uid=ceef8c68-a2aa-47d9-81f7-e1dcc3a82025' (redirected from 'https://id.a-mx.com/sync?tao=1&&uid=ceef8c68-a2aa-47d9-81f7-e1dcc3a82025') from origin 'https://sync.a-mo.net' has been blocked by CORS policy: The value of the 'Access-Control-Allow-Origin' header in the response must not be the wildcard '*' when the request's credentials mode is 'include'. @ https://sync.a-mo.net/cchain?cb=https%3A%2F%2Fcs.openwebmp.com%2Fcs%3Ffwrd%3D1%26aid%3D40018%26uid%3D&gdpr=%5BGDPR%5D&gdpr_consent=%5BUSER_CONSENT%5D:0
[    6637ms] [ERROR] Failed to load resource: net::ERR_FAILED @ https://bpb.opendns.com/b/https/id.a-mx.com/sync?tao=1&&uid=ceef8c68-a2aa-47d9-81f7-e1dcc3a82025:0
[    6701ms] [ERROR] Access to fetch at 'https://bpb.opendns.com/b/https/id.a-mx.com/sync?tao=1&&uid=ceef8c68-a2aa-47d9-81f7-e1dcc3a82025' (redirected from 'https://id.a-mx.com/sync?tao=1&&uid=ceef8c68-a2aa-47d9-81f7-e1dcc3a82025') from origin 'https://prebid.a-mo.net' has been blocked by CORS policy: The value of the 'Access-Control-Allow-Origin' header in the response must not be the wildcard '*' when the request's credentials mode is 'include'. @ https://prebid.a-mo.net/cchain/0?gdpr=0&gdpr_consent=&us_privacy=1NNN&cb=https%3A%2F%2Fssp.disqus.com%2Fmatch%3Fbidder%3D6%26r%3DCid1YS1hY2I0ZTA5ZC05YzI5LTNmOGQtYTJiMi0yZTk1YjdmZTNiOGUiBDFOTk4qYmh0dHBzOi8vY3Mtc2VydmVyLXMycy55ZWxsb3dibHVlLmlvL2NzP2Z3cmQ9MSZhaWQ9MTE2MTImaWQ9dWEtYWNiNGUwOWQtOWMyOS0zZjhkLWEyYjItMmU5NWI3ZmUzYjhlMgEGOAFCBVtHUFBd%26buyeruid%3D:0
[    6702ms] [ERROR] Failed to load resource: net::ERR_FAILED @ https://bpb.opendns.com/b/https/id.a-mx.com/sync?tao=1&&uid=ceef8c68-a2aa-47d9-81f7-e1dcc3a82025:0
[    6733ms] [ERROR] Access to fetch at 'https://bpb.opendns.com/b/https/id.a-mx.com/sync?tao=1&&uid=ceef8c68-a2aa-47d9-81f7-e1dcc3a82025' (redirected from 'https://id.a-mx.com/sync?tao=1&&uid=ceef8c68-a2aa-47d9-81f7-e1dcc3a82025') from origin 'https://prebid.a-mo.net' has been blocked by CORS policy: The value of the 'Access-Control-Allow-Origin' header in the response must not be the wildcard '*' when the request's credentials mode is 'include'. @ https://prebid.a-mo.net/isyn?gdpr=0&gdpr_consent=&us_privacy=&cb=https%3A%2F%2Fprebid.adtarget.biz%2Fsetuid%3Fbidder%3Damx%26gdpr%3D0%26gdpr_consent%3D%26f%3Di%26uid%3D:0
[    6733ms] [ERROR] Failed to load resource: net::ERR_FAILED @ https://bpb.opendns.com/b/https/id.a-mx.com/sync?tao=1&&uid=ceef8c68-a2aa-47d9-81f7-e1dcc3a82025:0
[    6761ms] [ERROR] Access to fetch at 'https://bpb.opendns.com/b/https/id.a-mx.com/sync?tao=1&&uid=ceef8c68-a2aa-47d9-81f7-e1dcc3a82025' (redirected from 'https://id.a-mx.com/sync?tao=1&&uid=ceef8c68-a2aa-47d9-81f7-e1dcc3a82025') from origin 'https://prebid.a-mo.net' has been blocked by CORS policy: The value of the 'Access-Control-Allow-Origin' header in the response must not be the wildcard '*' when the request's credentials mode is 'include'. @ https://prebid.a-mo.net/cchain/0?cb=https%3A%2F%2Fcs.openwebmp.com%2Fcs%3Ffwrd%3D1%26aid%3D40018%26uid%3D&gdpr=%5BGDPR%5D&gdpr_consent=%5BUSER_CONSENT%5D:0
[    6761ms] [ERROR] Failed to load resource: net::ERR_FAILED @ https://bpb.opendns.com/b/https/id.a-mx.com/sync?tao=1&&uid=ceef8c68-a2aa-47d9-81f7-e1dcc3a82025:0
[    7785ms] [ERROR] Access to fetch at 'https://bpb.opendns.com/b/https/id.a-mx.com/sync?tao=1&&uid=ceef8c68-a2aa-47d9-81f7-e1dcc3a82025' (redirected from 'https://id.a-mx.com/sync?tao=1&&uid=ceef8c68-a2aa-47d9-81f7-e1dcc3a82025') from origin 'https://usw1-sync.a-mo.net' has been blocked by CORS policy: The value of the 'Access-Control-Allow-Origin' header in the response must not be the wildcard '*' when the request's credentials mode is 'include'. @ https://usw1-sync.a-mo.net/isyn?__st=iframe&gdpr=0&us_privacy=1---&_e=TVAxheNZMKu5riizL5hz-BspIV4Y-ZJdc6dkJG4xbEtBoYKraCvrl2rDOQvWuJ4KBxKRFDTt8NTWXlfQ8MCeVCFSsmI875dKUndJhnaKmAkhWSEG_0KNWuT4a3HyHOtYBct6PC8Vu_4esxpc9mkykgZlSKijPrvIc8JCh-R8ST4156TbBDWsobu6e0dAMw-zD75iAtRSl0hXNAMIPhgiPF5-LzvYBia4Bo4ac5y9j22X-HOBa5zzEwsRV08kXNlkgOQpOaUbjOMzaa0jkR65jQSTeBIqmUdLeXb6Ml82nC-YJehVJGDsWJFuXc8ppSBGn5KsJ2g0uHZBYjC-lnISPz_7bCUeaYTlSsS43qY3U7149aUeuA2seuq2_CfE2vTUFcraNg1DMZbz0FkPbwUhN_P0JMb8SD31J-P2P_P-l596VUqCJ0-B8Q:0
[    7785ms] [ERROR] Failed to load resource: net::ERR_FAILED @ https://bpb.opendns.com/b/https/id.a-mx.com/sync?tao=1&&uid=ceef8c68-a2aa-47d9-81f7-e1dcc3a82025:0
[   10519ms] [ERROR] Access to fetch at 'https://bpb.opendns.com/b/https/id.a-mx.com/sync?tao=1&&uid=ceef8c68-a2aa-47d9-81f7-e1dcc3a82025' (redirected from 'https://id.a-mx.com/sync?tao=1&&uid=ceef8c68-a2aa-47d9-81f7-e1dcc3a82025') from origin 'https://prebid.a-mo.net' has been blocked by CORS policy: The value of the 'Access-Control-Allow-Origin' header in the response must not be the wildcard '*' when the request's credentials mode is 'include'. @ https://prebid.a-mo.net/isyn?gdpr=&gdpr_consent=&us_privacy=&gpp=&gpp_sid=&cb=https%3A%2F%2Fsync.adkernel.com%2Fuser-sync%3Fzone%3D308936%26dsp%3D811921%26t%3Diframe%26uid%3D%24UID:0
[   10519ms] [ERROR] Failed to load resource: net::ERR_FAILED @ https://bpb.opendns.com/b/https/id.a-mx.com/sync?tao=1&&uid=ceef8c68-a2aa-47d9-81f7-e1dcc3a82025:0
[    7946ms] [ERROR] Failed to load resource: net::ERR_NAME_NOT_RESOLVED @ https://cs.lkqd.net/cs?partnerId=59&redirect=https%3A%2F%2Fcm.g.doubleclick.net%2Fpixel%3Fgoogle_nid%3Dlkqd_dbm%26google_hm%3D%24%24rawlkqduserid%7Cbase64%24%24:0
[    7946ms] [ERROR] Failed to load resource: net::ERR_NAME_NOT_RESOLVED @ https://cs.lkqd.net/cs?partnerId=59&partnerUserId=CAESEHbQA2CxWpydWpzOQWTtR_E&google_cver=1:0
[    7798ms] [ERROR] Attestation check for Shared Storage on https://www.googleadservices.com failed. @ https://www.googleadservices.com/pagead/managed/js/activeview/current/reach_worklet.html:0
[    8184ms] [ERROR] Attestation check for Shared Storage on https://www.googleadservices.com failed. @ https://www.googleadservices.com/pagead/managed/js/activeview/current/reach_worklet.html:0
[    8505ms] [ERROR] Attestation check for Shared Storage on https://www.googleadservices.com failed. @ https://www.googleadservices.com/pagead/managed/js/activeview/current/reach_worklet.html:0
[    9642ms] [ERROR] Attestation check for Shared Storage on https://www.googleadservices.com failed. @ https://www.googleadservices.com/pagead/managed/js/activeview/current/reach_worklet.html:0
[   10690ms] [ERROR] Attestation check for Shared Storage on https://www.googleadservices.com failed. @ https://www.googleadservices.com/pagead/managed/js/activeview/current/reach_worklet.html:0
[   10757ms] [ERROR] Refused to execute script from 'https://d2ogoirb28wat7.cloudfront.net/b-2e7c324-d1f60bd5.js' because its MIME type ('image/gif') is not executable. @ https://d2ogoirb28wat7.cloudfront.net/b-0d6ee0c-d62ddfac.js:0
[   10809ms] [ERROR] Access to fetch at 'https://bpb.opendns.com/b/https/id.a-mx.com/sync?tao=1&&uid=ceef8c68-a2aa-47d9-81f7-e1dcc3a82025' (redirected from 'https://id.a-mx.com/sync?tao=1&&uid=ceef8c68-a2aa-47d9-81f7-e1dcc3a82025') from origin 'https://prebid.a-mo.net' has been blocked by CORS policy: The value of the 'Access-Control-Allow-Origin' header in the response must not be the wildcard '*' when the request's credentials mode is 'include'. @ https://prebid.a-mo.net/isyn?gdpr=0&gdpr_consent=&us_privacy=&cb=https%3A%2F%2Fprebid.monetixads.com%2Fsetuid%3Fbidder%3Damx%26gdpr%3D0%26gdpr_consent%3D%26f%3Di%26uid%3D:0
[   10809ms] [ERROR] Failed to load resource: net::ERR_FAILED @ https://bpb.opendns.com/b/https/id.a-mx.com/sync?tao=1&&uid=ceef8c68-a2aa-47d9-81f7-e1dcc3a82025:0
[    7798ms] [ERROR] Attestation check for Shared Storage on https://www.googleadservices.com failed. @ https://www.googleadservices.com/pagead/managed/js/activeview/current/reach_worklet.html:0
[    8184ms] [ERROR] Attestation check for Shared Storage on https://www.googleadservices.com failed. @ https://www.googleadservices.com/pagead/managed/js/activeview/current/reach_worklet.html:0
[    8505ms] [ERROR] Attestation check for Shared Storage on https://www.googleadservices.com failed. @ https://www.googleadservices.com/pagead/managed/js/activeview/current/reach_worklet.html:0
[    9642ms] [ERROR] Attestation check for Shared Storage on https://www.googleadservices.com failed. @ https://www.googleadservices.com/pagead/managed/js/activeview/current/reach_worklet.html:0
[   10690ms] [ERROR] Attestation check for Shared Storage on https://www.googleadservices.com failed. @ https://www.googleadservices.com/pagead/managed/js/activeview/current/reach_worklet.html:0
[   10859ms] [ERROR] Attestation check for Shared Storage on https://www.googleadservices.com failed. @ https://www.googleadservices.com/pagead/managed/js/activeview/current/reach_worklet.html:0
[   10869ms] [TIMEEND] a: 0.0009765625 ms @ https://static.adsafeprotected.com/sca.17.6.4.js:31
[   11203ms] [TIMEEND] a: 0 ms @ https://static.adsafeprotected.com/sca.17.6.4.js:31
[    5733ms] [ERROR] Failed to load resource: net::ERR_HTTP2_SERVER_REFUSED_STREAM @ https://cs.admanmedia.com/73c1e1bfc3bde354d60b80e601ae3914.gif?puid=[UID]&redir=https%3A%2F%2Fonetag-sys.com%2Fmatch%2F%3Fint_id%3D164%26gdpr%3D0%26gdpr_consent%3D%26uid%3D%5BUID%5D&gdpr=0&gdpr_consent=&ccpa=1YN-&coppa=:0
[    5733ms] [ERROR] Failed to load resource: net::ERR_HTTP2_SERVER_REFUSED_STREAM @ https://cs.admanmedia.com/73c1e1bfc3bde354d60b80e601ae3914.gif?puid=[UID]&redir=https%3A%2F%2Fonetag-sys.com%2Fmatch%2F%3Fint_id%3D164%26gdpr%3D1%26gdpr_consent%3D%26uid%3D%5BUID%5D&gdpr=1&gdpr_consent=&ccpa=&coppa=:0
[    6240ms] [ERROR] Failed to load resource: net::ERR_HTTP2_SERVER_REFUSED_STREAM @ https://cs.admanmedia.com/73c1e1bfc3bde354d60b80e601ae3914.gif?puid=[UID]&redir=https%3A%2F%2Fonetag-sys.com%2Fmatch%2F%3Fint_id%3D164%26gdpr%3D0%26gdpr_consent%3D%26uid%3D%5BUID%5D&gdpr=0&gdpr_consent=&ccpa=&coppa=:0
[    6524ms] [ERROR] Failed to load resource: the server responded with a status of 424 (Failed Dependency) @ https://t.adx.opera.com/pub/sync?pubid=pub10101531197440&gdpr=1&gdpr_consent=:0
[    6524ms] [ERROR] Failed to load resource: the server responded with a status of 424 (Failed Dependency) @ https://t.adx.opera.com/pub/sync?pubid=pub10101531197440&gdpr=1&gdpr_consent=:0
[    6671ms] [ERROR] Failed to load resource: the server responded with a status of 424 (Failed Dependency) @ https://t.adx.opera.com/pub/sync?pubid=pub10101531197440&gdpr=1&gdpr_consent=:0
[    7044ms] [ERROR] Failed to load resource: net::ERR_HTTP2_SERVER_REFUSED_STREAM @ https://cs.admanmedia.com/73c1e1bfc3bde354d60b80e601ae3914.gif?puid=[UID]&redir=https%3A%2F%2Fonetag-sys.com%2Fmatch%2F%3Fint_id%3D164%26gdpr%3D0%26gdpr_consent%3D%26uid%3D%5BUID%5D&gdpr=0&gdpr_consent=&ccpa=&coppa=:0
[    7109ms] [ERROR] Failed to load resource: the server responded with a status of 424 (Failed Dependency) @ https://t.adx.opera.com/pub/sync?pubid=pub10101531197440&gdpr=1&gdpr_consent=:0
[    7236ms] [ERROR] Failed to load resource: the server responded with a status of 424 (Failed Dependency) @ https://t.adx.opera.com/pub/sync?pubid=pub10101531197440&gdpr=1&gdpr_consent=:0
[    7384ms] [ERROR] Failed to load resource: net::ERR_HTTP2_SERVER_REFUSED_STREAM @ https://cs.admanmedia.com/73c1e1bfc3bde354d60b80e601ae3914.gif?puid=[UID]&redir=https%3A%2F%2Fonetag-sys.com%2Fmatch%2F%3Fint_id%3D164%26gdpr%3D1%26gdpr_consent%3D%26uid%3D%5BUID%5D&gdpr=1&gdpr_consent=&ccpa=&coppa=:0
[   10430ms] [ERROR] Failed to load resource: the server responded with a status of 424 (Failed Dependency) @ https://t.adx.opera.com/pub/sync?pubid=pub10101531197440&gdpr=1&gdpr_consent=:0
[    5733ms] [ERROR] Failed to load resource: net::ERR_HTTP2_SERVER_REFUSED_STREAM @ https://cs.admanmedia.com/73c1e1bfc3bde354d60b80e601ae3914.gif?puid=[UID]&redir=https%3A%2F%2Fonetag-sys.com%2Fmatch%2F%3Fint_id%3D164%26gdpr%3D0%26gdpr_consent%3D%26uid%3D%5BUID%5D&gdpr=0&gdpr_consent=&ccpa=1YN-&coppa=:0
[    5733ms] [ERROR] Failed to load resource: net::ERR_HTTP2_SERVER_REFUSED_STREAM @ https://cs.admanmedia.com/73c1e1bfc3bde354d60b80e601ae3914.gif?puid=[UID]&redir=https%3A%2F%2Fonetag-sys.com%2Fmatch%2F%3Fint_id%3D164%26gdpr%3D1%26gdpr_consent%3D%26uid%3D%5BUID%5D&gdpr=1&gdpr_consent=&ccpa=&coppa=:0
[    6240ms] [ERROR] Failed to load resource: net::ERR_HTTP2_SERVER_REFUSED_STREAM @ https://cs.admanmedia.com/73c1e1bfc3bde354d60b80e601ae3914.gif?puid=[UID]&redir=https%3A%2F%2Fonetag-sys.com%2Fmatch%2F%3Fint_id%3D164%26gdpr%3D0%26gdpr_consent%3D%26uid%3D%5BUID%5D&gdpr=0&gdpr_consent=&ccpa=&coppa=:0
[    6524ms] [ERROR] Failed to load resource: the server responded with a status of 424 (Failed Dependency) @ https://t.adx.opera.com/pub/sync?pubid=pub10101531197440&gdpr=1&gdpr_consent=:0
[    6524ms] [ERROR] Failed to load resource: the server responded with a status of 424 (Failed Dependency) @ https://t.adx.opera.com/pub/sync?pubid=pub10101531197440&gdpr=1&gdpr_consent=:0
[    6671ms] [ERROR] Failed to load resource: the server responded with a status of 424 (Failed Dependency) @ https://t.adx.opera.com/pub/sync?pubid=pub10101531197440&gdpr=1&gdpr_consent=:0
[    7044ms] [ERROR] Failed to load resource: net::ERR_HTTP2_SERVER_REFUSED_STREAM @ https://cs.admanmedia.com/73c1e1bfc3bde354d60b80e601ae3914.gif?puid=[UID]&redir=https%3A%2F%2Fonetag-sys.com%2Fmatch%2F%3Fint_id%3D164%26gdpr%3D0%26gdpr_consent%3D%26uid%3D%5BUID%5D&gdpr=0&gdpr_consent=&ccpa=&coppa=:0
[    7109ms] [ERROR] Failed to load resource: the server responded with a status of 424 (Failed Dependency) @ https://t.adx.opera.com/pub/sync?pubid=pub10101531197440&gdpr=1&gdpr_consent=:0
[    7236ms] [ERROR] Failed to load resource: the server responded with a status of 424 (Failed Dependency) @ https://t.adx.opera.com/pub/sync?pubid=pub10101531197440&gdpr=1&gdpr_consent=:0
[    7384ms] [ERROR] Failed to load resource: net::ERR_HTTP2_SERVER_REFUSED_STREAM @ https://cs.admanmedia.com/73c1e1bfc3bde354d60b80e601ae3914.gif?puid=[UID]&redir=https%3A%2F%2Fonetag-sys.com%2Fmatch%2F%3Fint_id%3D164%26gdpr%3D1%26gdpr_consent%3D%26uid%3D%5BUID%5D&gdpr=1&gdpr_consent=&ccpa=&coppa=:0
[   10430ms] [ERROR] Failed to load resource: the server responded with a status of 424 (Failed Dependency) @ https://t.adx.opera.com/pub/sync?pubid=pub10101531197440&gdpr=1&gdpr_consent=:0
[   11674ms] [ERROR] Failed to load resource: the server responded with a status of 400 () @ https://eb2.3lift.com/getuid?gdpr=0&gdpr_consent=&redir=https%3A%2F%2Fvisitor.us-west1.gcp.omnitagjs.com%2Fvisitor%2Fsync%3Fgdpr%3D0%26gdpr_consent%3D%26is_cookie_sync_uid%3D1%26name%3DTRIPLELIFT_cookie_sync%26ttl%3D720%26uid%3D771bebe2d6221e9ca65e16ebf8d2f6f3%26visitor%3D%24UID:0
[    5733ms] [ERROR] Failed to load resource: net::ERR_HTTP2_SERVER_REFUSED_STREAM @ https://cs.admanmedia.com/77bb8e39d66271fda1db01d45766b9d9.gif?gdpr=0&gdpr_consent=%5BGDPR_CONSENT%5D&redir=https%3A%2F%2Fcs-server-s2s.yellowblue.io%2Fcs%3Ffwrd%3D1%26aid%3D11559%26id%3D%5BUID%5D:0
[    5511ms] [ERROR] Failed to load resource: net::ERR_NAME_NOT_RESOLVED @ https://cs.iqzone.com/570908b7e92df631fee32098aa272f7b.gif?puid=IWx692qHY0Me3%2FuoNwAMyg%3D%3D&gdpr=&gdpr_consent=&ccpa=&coppa=&redir=https%3A%2F%2Fssc-cms.33across.com%2Fps%2F%3Fxi%3D145%26ts%3D1787257667339.6%26us_privacy%3D%26xu%3D%5BUID%5D%26gpp_sid%3D%26gpp%3D:0
[    5511ms] [ERROR] Failed to load resource: net::ERR_NAME_NOT_RESOLVED @ https://cs.iqzone.com/570908b7e92df631fee32098aa272f7b.gif?puid=IWx692qHY0Me3%2FuoNwAMyg%3D%3D&gdpr=&gdpr_consent=&ccpa=&coppa=&redir=https%3A%2F%2Fssc-cms.33across.com%2Fps%2F%3Fxi%3D145%26ts%3D1787257667337.6%26us_privacy%3D%26xu%3D%5BUID%5D%26gpp_sid%3D%26gpp%3D:0
[    5511ms] [ERROR] Failed to load resource: net::ERR_NAME_NOT_RESOLVED @ https://cs.iqzone.com/570908b7e92df631fee32098aa272f7b.gif?puid=IWx692qHY0Me3%2FuoNwAMyg%3D%3D&gdpr=&gdpr_consent=&ccpa=&coppa=&redir=https%3A%2F%2Fssc-cms.33across.com%2Fps%2F%3Fxi%3D145%26ts%3D1787257667340.6%26us_privacy%3D%26xu%3D%5BUID%5D%26gpp_sid%3D%26gpp%3D:0
[    5511ms] [ERROR] Failed to load resource: net::ERR_NAME_NOT_RESOLVED @ https://cs.iqzone.com/570908b7e92df631fee32098aa272f7b.gif?puid=8LavImqHY0NfacC4NuwAUw%3D%3D&gdpr=&gdpr_consent=&ccpa=&coppa=&redir=https%3A%2F%2Fssc-cms.33across.com%2Fps%2F%3Fxi%3D145%26ts%3D1787257667340.6%26us_privacy%3D%26xu%3D%5BUID%5D%26gpp_sid%3D%26gpp%3D:0
[    5590ms] [ERROR] Failed to load resource: net::ERR_NAME_NOT_RESOLVED @ https://cs.iqzone.com/570908b7e92df631fee32098aa272f7b.gif?puid=IWx692qHY0Me3%2FuoNwAMyg%3D%3D&gdpr=&gdpr_consent=&ccpa=&coppa=&redir=https%3A%2F%2Fssc-cms.33across.com%2Fps%2F%3Fxi%3D145%26ts%3D1787257667339.6%26us_privacy%3D%26xu%3D%5BUID%5D%26gpp_sid%3D%26gpp%3D:0
[   11825ms] [ERROR] Failed to load resource: the server responded with a status of 400 () @ https://eb2.3lift.com/getuid?redir=https%3A%2F%2Fsyncingbridge.com%2FuserBackIframe%3Fuid%3D%24UID%26gdpr%3D%7BGDPR%7D%26gdpr_consent%3D%7BGDPR_CONSENT%7D%26p%3D2&gdpr=0&gdpr_consent=:0
[    5865ms] [ERROR] Failed to load resource: the server responded with a status of 400 () @ https://match.prod.bidr.io/cookie-sync/ox?gdpr=0&gdpr_consent=%5BUSER_CONSENT%5D:0
[    7744ms] [ERROR] Failed to load resource: net::ERR_SOCKET_NOT_CONNECTED @ https://tracker.ssp.balance-x.com/sync?gdpr=%7BGDPR%7D&gdpr_consent=%7BGDPR_CONSENT%7D&id=1&uid=%7BYOUR_USER_ID%7D:0
[    9867ms] [ERROR] Failed to load resource: net::ERR_CONNECTION_CLOSED @ https://tracker.ssp.balance-x.com/sync?gdpr=%7BGDPR%7D&gdpr_consent=%7BGDPR_CONSENT%7D&id=1&uid=%7BYOUR_USER_ID%7D:0
[   12258ms] [ERROR] Failed to load resource: the server responded with a status of 400 (Bad Request) @ https://cpm.vistarsagency.com/user-sync?zone=251860&dsp=904755&t=image&uid=C-eAEVzMsNxDAIBcBeOCcSD4MNKWTv-EMTq-19lftovhSgh1YuQwD9DMnhtVsea9s6WE056CIMe-E55av7nZJ569hxO2rcB3utli4sRheJOj3kaQFHK5vFE1Jha7L3ahVi811Fgx7SxmIh3U1DATDzB0y_PzwPJlI:0
[    5733ms] [ERROR] Failed to load resource: net::ERR_HTTP2_SERVER_REFUSED_STREAM @ https://cs.admanmedia.com/73c1e1bfc3bde354d60b80e601ae3914.gif?puid=[UID]&redir=https%3A%2F%2Fonetag-sys.com%2Fmatch%2F%3Fint_id%3D164%26gdpr%3D0%26gdpr_consent%3D%26uid%3D%5BUID%5D&gdpr=0&gdpr_consent=&ccpa=1YN-&coppa=:0
[    5733ms] [ERROR] Failed to load resource: net::ERR_HTTP2_SERVER_REFUSED_STREAM @ https://cs.admanmedia.com/73c1e1bfc3bde354d60b80e601ae3914.gif?puid=[UID]&redir=https%3A%2F%2Fonetag-sys.com%2Fmatch%2F%3Fint_id%3D164%26gdpr%3D1%26gdpr_consent%3D%26uid%3D%5BUID%5D&gdpr=1&gdpr_consent=&ccpa=&coppa=:0
[    6240ms] [ERROR] Failed to load resource: net::ERR_HTTP2_SERVER_REFUSED_STREAM @ https://cs.admanmedia.com/73c1e1bfc3bde354d60b80e601ae3914.gif?puid=[UID]&redir=https%3A%2F%2Fonetag-sys.com%2Fmatch%2F%3Fint_id%3D164%26gdpr%3D0%26gdpr_consent%3D%26uid%3D%5BUID%5D&gdpr=0&gdpr_consent=&ccpa=&coppa=:0
[    6524ms] [ERROR] Failed to load resource: the server responded with a status of 424 (Failed Dependency) @ https://t.adx.opera.com/pub/sync?pubid=pub10101531197440&gdpr=1&gdpr_consent=:0
[    6524ms] [ERROR] Failed to load resource: the server responded with a status of 424 (Failed Dependency) @ https://t.adx.opera.com/pub/sync?pubid=pub10101531197440&gdpr=1&gdpr_consent=:0
[    6671ms] [ERROR] Failed to load resource: the server responded with a status of 424 (Failed Dependency) @ https://t.adx.opera.com/pub/sync?pubid=pub10101531197440&gdpr=1&gdpr_consent=:0
[    7044ms] [ERROR] Failed to load resource: net::ERR_HTTP2_SERVER_REFUSED_STREAM @ https://cs.admanmedia.com/73c1e1bfc3bde354d60b80e601ae3914.gif?puid=[UID]&redir=https%3A%2F%2Fonetag-sys.com%2Fmatch%2F%3Fint_id%3D164%26gdpr%3D0%26gdpr_consent%3D%26uid%3D%5BUID%5D&gdpr=0&gdpr_consent=&ccpa=&coppa=:0
[    7109ms] [ERROR] Failed to load resource: the server responded with a status of 424 (Failed Dependency) @ https://t.adx.opera.com/pub/sync?pubid=pub10101531197440&gdpr=1&gdpr_consent=:0
[    7236ms] [ERROR] Failed to load resource: the server responded with a status of 424 (Failed Dependency) @ https://t.adx.opera.com/pub/sync?pubid=pub10101531197440&gdpr=1&gdpr_consent=:0
[    7384ms] [ERROR] Failed to load resource: net::ERR_HTTP2_SERVER_REFUSED_STREAM @ https://cs.admanmedia.com/73c1e1bfc3bde354d60b80e601ae3914.gif?puid=[UID]&redir=https%3A%2F%2Fonetag-sys.com%2Fmatch%2F%3Fint_id%3D164%26gdpr%3D1%26gdpr_consent%3D%26uid%3D%5BUID%5D&gdpr=1&gdpr_consent=&ccpa=&coppa=:0
[   10430ms] [ERROR] Failed to load resource: the server responded with a status of 424 (Failed Dependency) @ https://t.adx.opera.com/pub/sync?pubid=pub10101531197440&gdpr=1&gdpr_consent=:0
[   12428ms] [ERROR] Failed to load resource: the server responded with a status of 400 (Bad Request) @ https://sync.adkernel.com/user-sync?zone=252325&gdpr=0&gdpr_consent=&us_privacy=&t=image&r=https%3A%2F%2Fittpx.eskimi.com%2Fsync%3Fdp_id%3D52%26gdpr%3D0%26gdpr_consent%3D%26us_privacy%3D%26user_id%3D%7BUID%7D:0
[    5865ms] [ERROR] Failed to load resource: the server responded with a status of 400 () @ https://match.prod.bidr.io/cookie-sync/ox?gdpr=0&gdpr_consent=%5BUSER_CONSENT%5D:0
[    5865ms] [ERROR] Failed to load resource: the server responded with a status of 400 () @ https://match.prod.bidr.io/cookie-sync/ox?gdpr=0&gdpr_consent=%5BUSER_CONSENT%5D:0
[    5511ms] [ERROR] Failed to load resource: net::ERR_NAME_NOT_RESOLVED @ https://cs.iqzone.com/570908b7e92df631fee32098aa272f7b.gif?puid=IWx692qHY0Me3%2FuoNwAMyg%3D%3D&gdpr=&gdpr_consent=&ccpa=&coppa=&redir=https%3A%2F%2Fssc-cms.33across.com%2Fps%2F%3Fxi%3D145%26ts%3D1787257667339.6%26us_privacy%3D%26xu%3D%5BUID%5D%26gpp_sid%3D%26gpp%3D:0
[    5511ms] [ERROR] Failed to load resource: net::ERR_NAME_NOT_RESOLVED @ https://cs.iqzone.com/570908b7e92df631fee32098aa272f7b.gif?puid=IWx692qHY0Me3%2FuoNwAMyg%3D%3D&gdpr=&gdpr_consent=&ccpa=&coppa=&redir=https%3A%2F%2Fssc-cms.33across.com%2Fps%2F%3Fxi%3D145%26ts%3D1787257667337.6%26us_privacy%3D%26xu%3D%5BUID%5D%26gpp_sid%3D%26gpp%3D:0
[    5511ms] [ERROR] Failed to load resource: net::ERR_NAME_NOT_RESOLVED @ https://cs.iqzone.com/570908b7e92df631fee32098aa272f7b.gif?puid=IWx692qHY0Me3%2FuoNwAMyg%3D%3D&gdpr=&gdpr_consent=&ccpa=&coppa=&redir=https%3A%2F%2Fssc-cms.33across.com%2Fps%2F%3Fxi%3D145%26ts%3D1787257667340.6%26us_privacy%3D%26xu%3D%5BUID%5D%26gpp_sid%3D%26gpp%3D:0
[    5511ms] [ERROR] Failed to load resource: net::ERR_NAME_NOT_RESOLVED @ https://cs.iqzone.com/570908b7e92df631fee32098aa272f7b.gif?puid=8LavImqHY0NfacC4NuwAUw%3D%3D&gdpr=&gdpr_consent=&ccpa=&coppa=&redir=https%3A%2F%2Fssc-cms.33across.com%2Fps%2F%3Fxi%3D145%26ts%3D1787257667340.6%26us_privacy%3D%26xu%3D%5BUID%5D%26gpp_sid%3D%26gpp%3D:0
[    5590ms] [ERROR] Failed to load resource: net::ERR_NAME_NOT_RESOLVED @ https://cs.iqzone.com/570908b7e92df631fee32098aa272f7b.gif?puid=IWx692qHY0Me3%2FuoNwAMyg%3D%3D&gdpr=&gdpr_consent=&ccpa=&coppa=&redir=https%3A%2F%2Fssc-cms.33across.com%2Fps%2F%3Fxi%3D145%26ts%3D1787257667339.6%26us_privacy%3D%26xu%3D%5BUID%5D%26gpp_sid%3D%26gpp%3D:0
[    6637ms] [ERROR] Access to fetch at 'https://bpb.opendns.com/b/https/id.a-mx.com/sync?tao=1&&uid=ceef8c68-a2aa-47d9-81f7-e1dcc3a82025' (redirected from 'https://id.a-mx.com/sync?tao=1&&uid=ceef8c68-a2aa-47d9-81f7-e1dcc3a82025') from origin 'https://sync.a-mo.net' has been blocked by CORS policy: The value of the 'Access-Control-Allow-Origin' header in the response must not be the wildcard '*' when the request's credentials mode is 'include'. @ https://sync.a-mo.net/cchain?cb=https%3A%2F%2Fcs.openwebmp.com%2Fcs%3Ffwrd%3D1%26aid%3D40018%26uid%3D&gdpr=%5BGDPR%5D&gdpr_consent=%5BUSER_CONSENT%5D:0
[    6637ms] [ERROR] Failed to load resource: net::ERR_FAILED @ https://bpb.opendns.com/b/https/id.a-mx.com/sync?tao=1&&uid=ceef8c68-a2aa-47d9-81f7-e1dcc3a82025:0
[    6701ms] [ERROR] Access to fetch at 'https://bpb.opendns.com/b/https/id.a-mx.com/sync?tao=1&&uid=ceef8c68-a2aa-47d9-81f7-e1dcc3a82025' (redirected from 'https://id.a-mx.com/sync?tao=1&&uid=ceef8c68-a2aa-47d9-81f7-e1dcc3a82025') from origin 'https://prebid.a-mo.net' has been blocked by CORS policy: The value of the 'Access-Control-Allow-Origin' header in the response must not be the wildcard '*' when the request's credentials mode is 'include'. @ https://prebid.a-mo.net/cchain/0?gdpr=0&gdpr_consent=&us_privacy=1NNN&cb=https%3A%2F%2Fssp.disqus.com%2Fmatch%3Fbidder%3D6%26r%3DCid1YS1hY2I0ZTA5ZC05YzI5LTNmOGQtYTJiMi0yZTk1YjdmZTNiOGUiBDFOTk4qYmh0dHBzOi8vY3Mtc2VydmVyLXMycy55ZWxsb3dibHVlLmlvL2NzP2Z3cmQ9MSZhaWQ9MTE2MTImaWQ9dWEtYWNiNGUwOWQtOWMyOS0zZjhkLWEyYjItMmU5NWI3ZmUzYjhlMgEGOAFCBVtHUFBd%26buyeruid%3D:0
[    6702ms] [ERROR] Failed to load resource: net::ERR_FAILED @ https://bpb.opendns.com/b/https/id.a-mx.com/sync?tao=1&&uid=ceef8c68-a2aa-47d9-81f7-e1dcc3a82025:0
[    6733ms] [ERROR] Access to fetch at 'https://bpb.opendns.com/b/https/id.a-mx.com/sync?tao=1&&uid=ceef8c68-a2aa-47d9-81f7-e1dcc3a82025' (redirected from 'https://id.a-mx.com/sync?tao=1&&uid=ceef8c68-a2aa-47d9-81f7-e1dcc3a82025') from origin 'https://prebid.a-mo.net' has been blocked by CORS policy: The value of the 'Access-Control-Allow-Origin' header in the response must not be the wildcard '*' when the request's credentials mode is 'include'. @ https://prebid.a-mo.net/isyn?gdpr=0&gdpr_consent=&us_privacy=&cb=https%3A%2F%2Fprebid.adtarget.biz%2Fsetuid%3Fbidder%3Damx%26gdpr%3D0%26gdpr_consent%3D%26f%3Di%26uid%3D:0
[    6733ms] [ERROR] Failed to load resource: net::ERR_FAILED @ https://bpb.opendns.com/b/https/id.a-mx.com/sync?tao=1&&uid=ceef8c68-a2aa-47d9-81f7-e1dcc3a82025:0
[    6761ms] [ERROR] Access to fetch at 'https://bpb.opendns.com/b/https/id.a-mx.com/sync?tao=1&&uid=ceef8c68-a2aa-47d9-81f7-e1dcc3a82025' (redirected from 'https://id.a-mx.com/sync?tao=1&&uid=ceef8c68-a2aa-47d9-81f7-e1dcc3a82025') from origin 'https://prebid.a-mo.net' has been blocked by CORS policy: The value of the 'Access-Control-Allow-Origin' header in the response must not be the wildcard '*' when the request's credentials mode is 'include'. @ https://prebid.a-mo.net/cchain/0?cb=https%3A%2F%2Fcs.openwebmp.com%2Fcs%3Ffwrd%3D1%26aid%3D40018%26uid%3D&gdpr=%5BGDPR%5D&gdpr_consent=%5BUSER_CONSENT%5D:0
[    6761ms] [ERROR] Failed to load resource: net::ERR_FAILED @ https://bpb.opendns.com/b/https/id.a-mx.com/sync?tao=1&&uid=ceef8c68-a2aa-47d9-81f7-e1dcc3a82025:0
[    7785ms] [ERROR] Access to fetch at 'https://bpb.opendns.com/b/https/id.a-mx.com/sync?tao=1&&uid=ceef8c68-a2aa-47d9-81f7-e1dcc3a82025' (redirected from 'https://id.a-mx.com/sync?tao=1&&uid=ceef8c68-a2aa-47d9-81f7-e1dcc3a82025') from origin 'https://usw1-sync.a-mo.net' has been blocked by CORS policy: The value of the 'Access-Control-Allow-Origin' header in the response must not be the wildcard '*' when the request's credentials mode is 'include'. @ https://usw1-sync.a-mo.net/isyn?__st=iframe&gdpr=0&us_privacy=1---&_e=TVAxheNZMKu5riizL5hz-BspIV4Y-ZJdc6dkJG4xbEtBoYKraCvrl2rDOQvWuJ4KBxKRFDTt8NTWXlfQ8MCeVCFSsmI875dKUndJhnaKmAkhWSEG_0KNWuT4a3HyHOtYBct6PC8Vu_4esxpc9mkykgZlSKijPrvIc8JCh-R8ST4156TbBDWsobu6e0dAMw-zD75iAtRSl0hXNAMIPhgiPF5-LzvYBia4Bo4ac5y9j22X-HOBa5zzEwsRV08kXNlkgOQpOaUbjOMzaa0jkR65jQSTeBIqmUdLeXb6Ml82nC-YJehVJGDsWJFuXc8ppSBGn5KsJ2g0uHZBYjC-lnISPz_7bCUeaYTlSsS43qY3U7149aUeuA2seuq2_CfE2vTUFcraNg1DMZbz0FkPbwUhN_P0JMb8SD31J-P2P_P-l596VUqCJ0-B8Q:0
[    7785ms] [ERROR] Failed to load resource: net::ERR_FAILED @ https://bpb.opendns.com/b/https/id.a-mx.com/sync?tao=1&&uid=ceef8c68-a2aa-47d9-81f7-e1dcc3a82025:0
[   10519ms] [ERROR] Access to fetch at 'https://bpb.opendns.com/b/https/id.a-mx.com/sync?tao=1&&uid=ceef8c68-a2aa-47d9-81f7-e1dcc3a82025' (redirected from 'https://id.a-mx.com/sync?tao=1&&uid=ceef8c68-a2aa-47d9-81f7-e1dcc3a82025') from origin 'https://prebid.a-mo.net' has been blocked by CORS policy: The value of the 'Access-Control-Allow-Origin' header in the response must not be the wildcard '*' when the request's credentials mode is 'include'. @ https://prebid.a-mo.net/isyn?gdpr=&gdpr_consent=&us_privacy=&gpp=&gpp_sid=&cb=https%3A%2F%2Fsync.adkernel.com%2Fuser-sync%3Fzone%3D308936%26dsp%3D811921%26t%3Diframe%26uid%3D%24UID:0
[   10519ms] [ERROR] Failed to load resource: net::ERR_FAILED @ https://bpb.opendns.com/b/https/id.a-mx.com/sync?tao=1&&uid=ceef8c68-a2aa-47d9-81f7-e1dcc3a82025:0
[   10809ms] [ERROR] Access to fetch at 'https://bpb.opendns.com/b/https/id.a-mx.com/sync?tao=1&&uid=ceef8c68-a2aa-47d9-81f7-e1dcc3a82025' (redirected from 'https://id.a-mx.com/sync?tao=1&&uid=ceef8c68-a2aa-47d9-81f7-e1dcc3a82025') from origin 'https://prebid.a-mo.net' has been blocked by CORS policy: The value of the 'Access-Control-Allow-Origin' header in the response must not be the wildcard '*' when the request's credentials mode is 'include'. @ https://prebid.a-mo.net/isyn?gdpr=0&gdpr_consent=&us_privacy=&cb=https%3A%2F%2Fprebid.monetixads.com%2Fsetuid%3Fbidder%3Damx%26gdpr%3D0%26gdpr_consent%3D%26f%3Di%26uid%3D:0
[   10809ms] [ERROR] Failed to load resource: net::ERR_FAILED @ https://bpb.opendns.com/b/https/id.a-mx.com/sync?tao=1&&uid=ceef8c68-a2aa-47d9-81f7-e1dcc3a82025:0
[   12676ms] [ERROR] Failed to load resource: net::ERR_NAME_NOT_RESOLVED @ https://px.owneriq.net/eox:0
[   12750ms] [ERROR] Failed to load resource: net::ERR_NAME_NOT_RESOLVED @ https://px.owneriq.net/eox:0
[   12859ms] [ERROR] Access to fetch at 'https://bpb.opendns.com/b/https/id.a-mx.com/sync?tao=1&&uid=ceef8c68-a2aa-47d9-81f7-e1dcc3a82025' (redirected from 'https://id.a-mx.com/sync?tao=1&&uid=ceef8c68-a2aa-47d9-81f7-e1dcc3a82025') from origin 'https://prebid.a-mo.net' has been blocked by CORS policy: The value of the 'Access-Control-Allow-Origin' header in the response must not be the wildcard '*' when the request's credentials mode is 'include'. @ https://prebid.a-mo.net/isyn?gdpr=0&gdpr_consent=&us_privacy=&cb=https%3A%2F%2Fprebid.pixad.com.tr%2Fsetuid%3Fbidder%3Damx%26gdpr%3D0%26gdpr_consent%3D%26f%3Di%26uid%3D:0
[   12859ms] [ERROR] Failed to load resource: net::ERR_FAILED @ https://bpb.opendns.com/b/https/id.a-mx.com/sync?tao=1&&uid=ceef8c68-a2aa-47d9-81f7-e1dcc3a82025:0
[    5865ms] [ERROR] Failed to load resource: the server responded with a status of 400 () @ https://match.prod.bidr.io/cookie-sync/ox?gdpr=0&gdpr_consent=%5BUSER_CONSENT%5D:0
[   12676ms] [ERROR] Failed to load resource: net::ERR_NAME_NOT_RESOLVED @ https://px.owneriq.net/eox:0
[   12750ms] [ERROR] Failed to load resource: net::ERR_NAME_NOT_RESOLVED @ https://px.owneriq.net/eox:0
[    5733ms] [ERROR] Failed to load resource: net::ERR_HTTP2_SERVER_REFUSED_STREAM @ https://cs.admanmedia.com/77bb8e39d66271fda1db01d45766b9d9.gif?gdpr=0&gdpr_consent=%5BGDPR_CONSENT%5D&redir=https%3A%2F%2Fcs-server-s2s.yellowblue.io%2Fcs%3Ffwrd%3D1%26aid%3D11559%26id%3D%5BUID%5D:0
[   12428ms] [ERROR] Failed to load resource: the server responded with a status of 400 (Bad Request) @ https://sync.adkernel.com/user-sync?zone=252325&gdpr=0&gdpr_consent=&us_privacy=&t=image&r=https%3A%2F%2Fittpx.eskimi.com%2Fsync%3Fdp_id%3D52%26gdpr%3D0%26gdpr_consent%3D%26us_privacy%3D%26user_id%3D%7BUID%7D:0
[    7946ms] [ERROR] Failed to load resource: net::ERR_NAME_NOT_RESOLVED @ https://cs.lkqd.net/cs?partnerId=59&redirect=https%3A%2F%2Fcm.g.doubleclick.net%2Fpixel%3Fgoogle_nid%3Dlkqd_dbm%26google_hm%3D%24%24rawlkqduserid%7Cbase64%24%24:0
[    7946ms] [ERROR] Failed to load resource: net::ERR_NAME_NOT_RESOLVED @ https://cs.lkqd.net/cs?partnerId=59&partnerUserId=CAESEHbQA2CxWpydWpzOQWTtR_E&google_cver=1:0
[    5733ms] [ERROR] Failed to load resource: net::ERR_HTTP2_SERVER_REFUSED_STREAM @ https://cs.admanmedia.com/73c1e1bfc3bde354d60b80e601ae3914.gif?puid=[UID]&redir=https%3A%2F%2Fonetag-sys.com%2Fmatch%2F%3Fint_id%3D164%26gdpr%3D0%26gdpr_consent%3D%26uid%3D%5BUID%5D&gdpr=0&gdpr_consent=&ccpa=1YN-&coppa=:0
[    5733ms] [ERROR] Failed to load resource: net::ERR_HTTP2_SERVER_REFUSED_STREAM @ https://cs.admanmedia.com/73c1e1bfc3bde354d60b80e601ae3914.gif?puid=[UID]&redir=https%3A%2F%2Fonetag-sys.com%2Fmatch%2F%3Fint_id%3D164%26gdpr%3D1%26gdpr_consent%3D%26uid%3D%5BUID%5D&gdpr=1&gdpr_consent=&ccpa=&coppa=:0
[    6240ms] [ERROR] Failed to load resource: net::ERR_HTTP2_SERVER_REFUSED_STREAM @ https://cs.admanmedia.com/73c1e1bfc3bde354d60b80e601ae3914.gif?puid=[UID]&redir=https%3A%2F%2Fonetag-sys.com%2Fmatch%2F%3Fint_id%3D164%26gdpr%3D0%26gdpr_consent%3D%26uid%3D%5BUID%5D&gdpr=0&gdpr_consent=&ccpa=&coppa=:0
[    6524ms] [ERROR] Failed to load resource: the server responded with a status of 424 (Failed Dependency) @ https://t.adx.opera.com/pub/sync?pubid=pub10101531197440&gdpr=1&gdpr_consent=:0
[    6524ms] [ERROR] Failed to load resource: the server responded with a status of 424 (Failed Dependency) @ https://t.adx.opera.com/pub/sync?pubid=pub10101531197440&gdpr=1&gdpr_consent=:0
[    6671ms] [ERROR] Failed to load resource: the server responded with a status of 424 (Failed Dependency) @ https://t.adx.opera.com/pub/sync?pubid=pub10101531197440&gdpr=1&gdpr_consent=:0
[    7044ms] [ERROR] Failed to load resource: net::ERR_HTTP2_SERVER_REFUSED_STREAM @ https://cs.admanmedia.com/73c1e1bfc3bde354d60b80e601ae3914.gif?puid=[UID]&redir=https%3A%2F%2Fonetag-sys.com%2Fmatch%2F%3Fint_id%3D164%26gdpr%3D0%26gdpr_consent%3D%26uid%3D%5BUID%5D&gdpr=0&gdpr_consent=&ccpa=&coppa=:0
[    7109ms] [ERROR] Failed to load resource: the server responded with a status of 424 (Failed Dependency) @ https://t.adx.opera.com/pub/sync?pubid=pub10101531197440&gdpr=1&gdpr_consent=:0
[    7236ms] [ERROR] Failed to load resource: the server responded with a status of 424 (Failed Dependency) @ https://t.adx.opera.com/pub/sync?pubid=pub10101531197440&gdpr=1&gdpr_consent=:0
[    7384ms] [ERROR] Failed to load resource: net::ERR_HTTP2_SERVER_REFUSED_STREAM @ https://cs.admanmedia.com/73c1e1bfc3bde354d60b80e601ae3914.gif?puid=[UID]&redir=https%3A%2F%2Fonetag-sys.com%2Fmatch%2F%3Fint_id%3D164%26gdpr%3D1%26gdpr_consent%3D%26uid%3D%5BUID%5D&gdpr=1&gdpr_consent=&ccpa=&coppa=:0
[   10430ms] [ERROR] Failed to load resource: the server responded with a status of 424 (Failed Dependency) @ https://t.adx.opera.com/pub/sync?pubid=pub10101531197440&gdpr=1&gdpr_consent=:0
[   13550ms] [ERROR] Failed to load resource: the server responded with a status of 500 () @ https://usersync.gumgum.com/usersync?b=sus&i=%%esc%%%%uid%%%%escend%%aodjS8Co8HkAAFTsWVYAAAAA:0
[   13550ms] [ERROR] Failed to load resource: the server responded with a status of 500 () @ https://usersync.gumgum.com/usersync?b=sus&i=%%esc%%%%uid%%%%escend%%aodjS8Co8HkAAFTsWVYAAAAA:0
[   14438ms] [ERROR] Failed to load resource: net::ERR_CONNECTION_CLOSED @ https://tracker.rtb-oveeo.com/sync?id=187&uid=1f68e415-3942-44b5-9c25-4f2d5e4f4be7:0
[    6637ms] [ERROR] Access to fetch at 'https://bpb.opendns.com/b/https/id.a-mx.com/sync?tao=1&&uid=ceef8c68-a2aa-47d9-81f7-e1dcc3a82025' (redirected from 'https://id.a-mx.com/sync?tao=1&&uid=ceef8c68-a2aa-47d9-81f7-e1dcc3a82025') from origin 'https://sync.a-mo.net' has been blocked by CORS policy: The value of the 'Access-Control-Allow-Origin' header in the response must not be the wildcard '*' when the request's credentials mode is 'include'. @ https://sync.a-mo.net/cchain?cb=https%3A%2F%2Fcs.openwebmp.com%2Fcs%3Ffwrd%3D1%26aid%3D40018%26uid%3D&gdpr=%5BGDPR%5D&gdpr_consent=%5BUSER_CONSENT%5D:0
[    6637ms] [ERROR] Failed to load resource: net::ERR_FAILED @ https://bpb.opendns.com/b/https/id.a-mx.com/sync?tao=1&&uid=ceef8c68-a2aa-47d9-81f7-e1dcc3a82025:0
[    6701ms] [ERROR] Access to fetch at 'https://bpb.opendns.com/b/https/id.a-mx.com/sync?tao=1&&uid=ceef8c68-a2aa-47d9-81f7-e1dcc3a82025' (redirected from 'https://id.a-mx.com/sync?tao=1&&uid=ceef8c68-a2aa-47d9-81f7-e1dcc3a82025') from origin 'https://prebid.a-mo.net' has been blocked by CORS policy: The value of the 'Access-Control-Allow-Origin' header in the response must not be the wildcard '*' when the request's credentials mode is 'include'. @ https://prebid.a-mo.net/cchain/0?gdpr=0&gdpr_consent=&us_privacy=1NNN&cb=https%3A%2F%2Fssp.disqus.com%2Fmatch%3Fbidder%3D6%26r%3DCid1YS1hY2I0ZTA5ZC05YzI5LTNmOGQtYTJiMi0yZTk1YjdmZTNiOGUiBDFOTk4qYmh0dHBzOi8vY3Mtc2VydmVyLXMycy55ZWxsb3dibHVlLmlvL2NzP2Z3cmQ9MSZhaWQ9MTE2MTImaWQ9dWEtYWNiNGUwOWQtOWMyOS0zZjhkLWEyYjItMmU5NWI3ZmUzYjhlMgEGOAFCBVtHUFBd%26buyeruid%3D:0
[    6702ms] [ERROR] Failed to load resource: net::ERR_FAILED @ https://bpb.opendns.com/b/https/id.a-mx.com/sync?tao=1&&uid=ceef8c68-a2aa-47d9-81f7-e1dcc3a82025:0
[    6733ms] [ERROR] Access to fetch at 'https://bpb.opendns.com/b/https/id.a-mx.com/sync?tao=1&&uid=ceef8c68-a2aa-47d9-81f7-e1dcc3a82025' (redirected from 'https://id.a-mx.com/sync?tao=1&&uid=ceef8c68-a2aa-47d9-81f7-e1dcc3a82025') from origin 'https://prebid.a-mo.net' has been blocked by CORS policy: The value of the 'Access-Control-Allow-Origin' header in the response must not be the wildcard '*' when the request's credentials mode is 'include'. @ https://prebid.a-mo.net/isyn?gdpr=0&gdpr_consent=&us_privacy=&cb=https%3A%2F%2Fprebid.adtarget.biz%2Fsetuid%3Fbidder%3Damx%26gdpr%3D0%26gdpr_consent%3D%26f%3Di%26uid%3D:0
[    6733ms] [ERROR] Failed to load resource: net::ERR_FAILED @ https://bpb.opendns.com/b/https/id.a-mx.com/sync?tao=1&&uid=ceef8c68-a2aa-47d9-81f7-e1dcc3a82025:0
[    6761ms] [ERROR] Access to fetch at 'https://bpb.opendns.com/b/https/id.a-mx.com/sync?tao=1&&uid=ceef8c68-a2aa-47d9-81f7-e1dcc3a82025' (redirected from 'https://id.a-mx.com/sync?tao=1&&uid=ceef8c68-a2aa-47d9-81f7-e1dcc3a82025') from origin 'https://prebid.a-mo.net' has been blocked by CORS policy: The value of the 'Access-Control-Allow-Origin' header in the response must not be the wildcard '*' when the request's credentials mode is 'include'. @ https://prebid.a-mo.net/cchain/0?cb=https%3A%2F%2Fcs.openwebmp.com%2Fcs%3Ffwrd%3D1%26aid%3D40018%26uid%3D&gdpr=%5BGDPR%5D&gdpr_consent=%5BUSER_CONSENT%5D:0
[    6761ms] [ERROR] Failed to load resource: net::ERR_FAILED @ https://bpb.opendns.com/b/https/id.a-mx.com/sync?tao=1&&uid=ceef8c68-a2aa-47d9-81f7-e1dcc3a82025:0
[    7785ms] [ERROR] Access to fetch at 'https://bpb.opendns.com/b/https/id.a-mx.com/sync?tao=1&&uid=ceef8c68-a2aa-47d9-81f7-e1dcc3a82025' (redirected from 'https://id.a-mx.com/sync?tao=1&&uid=ceef8c68-a2aa-47d9-81f7-e1dcc3a82025') from origin 'https://usw1-sync.a-mo.net' has been blocked by CORS policy: The value of the 'Access-Control-Allow-Origin' header in the response must not be the wildcard '*' when the request's credentials mode is 'include'. @ https://usw1-sync.a-mo.net/isyn?__st=iframe&gdpr=0&us_privacy=1---&_e=TVAxheNZMKu5riizL5hz-BspIV4Y-ZJdc6dkJG4xbEtBoYKraCvrl2rDOQvWuJ4KBxKRFDTt8NTWXlfQ8MCeVCFSsmI875dKUndJhnaKmAkhWSEG_0KNWuT4a3HyHOtYBct6PC8Vu_4esxpc9mkykgZlSKijPrvIc8JCh-R8ST4156TbBDWsobu6e0dAMw-zD75iAtRSl0hXNAMIPhgiPF5-LzvYBia4Bo4ac5y9j22X-HOBa5zzEwsRV08kXNlkgOQpOaUbjOMzaa0jkR65jQSTeBIqmUdLeXb6Ml82nC-YJehVJGDsWJFuXc8ppSBGn5KsJ2g0uHZBYjC-lnISPz_7bCUeaYTlSsS43qY3U7149aUeuA2seuq2_CfE2vTUFcraNg1DMZbz0FkPbwUhN_P0JMb8SD31J-P2P_P-l596VUqCJ0-B8Q:0
[    7785ms] [ERROR] Failed to load resource: net::ERR_FAILED @ https://bpb.opendns.com/b/https/id.a-mx.com/sync?tao=1&&uid=ceef8c68-a2aa-47d9-81f7-e1dcc3a82025:0
[   10519ms] [ERROR] Access to fetch at 'https://bpb.opendns.com/b/https/id.a-mx.com/sync?tao=1&&uid=ceef8c68-a2aa-47d9-81f7-e1dcc3a82025' (redirected from 'https://id.a-mx.com/sync?tao=1&&uid=ceef8c68-a2aa-47d9-81f7-e1dcc3a82025') from origin 'https://prebid.a-mo.net' has been blocked by CORS policy: The value of the 'Access-Control-Allow-Origin' header in the response must not be the wildcard '*' when the request's credentials mode is 'include'. @ https://prebid.a-mo.net/isyn?gdpr=&gdpr_consent=&us_privacy=&gpp=&gpp_sid=&cb=https%3A%2F%2Fsync.adkernel.com%2Fuser-sync%3Fzone%3D308936%26dsp%3D811921%26t%3Diframe%26uid%3D%24UID:0
[   10519ms] [ERROR] Failed to load resource: net::ERR_FAILED @ https://bpb.opendns.com/b/https/id.a-mx.com/sync?tao=1&&uid=ceef8c68-a2aa-47d9-81f7-e1dcc3a82025:0
[   10809ms] [ERROR] Access to fetch at 'https://bpb.opendns.com/b/https/id.a-mx.com/sync?tao=1&&uid=ceef8c68-a2aa-47d9-81f7-e1dcc3a82025' (redirected from 'https://id.a-mx.com/sync?tao=1&&uid=ceef8c68-a2aa-47d9-81f7-e1dcc3a82025') from origin 'https://prebid.a-mo.net' has been blocked by CORS policy: The value of the 'Access-Control-Allow-Origin' header in the response must not be the wildcard '*' when the request's credentials mode is 'include'. @ https://prebid.a-mo.net/isyn?gdpr=0&gdpr_consent=&us_privacy=&cb=https%3A%2F%2Fprebid.monetixads.com%2Fsetuid%3Fbidder%3Damx%26gdpr%3D0%26gdpr_consent%3D%26f%3Di%26uid%3D:0
[   10809ms] [ERROR] Failed to load resource: net::ERR_FAILED @ https://bpb.opendns.com/b/https/id.a-mx.com/sync?tao=1&&uid=ceef8c68-a2aa-47d9-81f7-e1dcc3a82025:0
[   12859ms] [ERROR] Access to fetch at 'https://bpb.opendns.com/b/https/id.a-mx.com/sync?tao=1&&uid=ceef8c68-a2aa-47d9-81f7-e1dcc3a82025' (redirected from 'https://id.a-mx.com/sync?tao=1&&uid=ceef8c68-a2aa-47d9-81f7-e1dcc3a82025') from origin 'https://prebid.a-mo.net' has been blocked by CORS policy: The value of the 'Access-Control-Allow-Origin' header in the response must not be the wildcard '*' when the request's credentials mode is 'include'. @ https://prebid.a-mo.net/isyn?gdpr=0&gdpr_consent=&us_privacy=&cb=https%3A%2F%2Fprebid.pixad.com.tr%2Fsetuid%3Fbidder%3Damx%26gdpr%3D0%26gdpr_consent%3D%26f%3Di%26uid%3D:0
[   12859ms] [ERROR] Failed to load resource: net::ERR_FAILED @ https://bpb.opendns.com/b/https/id.a-mx.com/sync?tao=1&&uid=ceef8c68-a2aa-47d9-81f7-e1dcc3a82025:0
[    6637ms] [ERROR] Access to fetch at 'https://bpb.opendns.com/b/https/id.a-mx.com/sync?tao=1&&uid=ceef8c68-a2aa-47d9-81f7-e1dcc3a82025' (redirected from 'https://id.a-mx.com/sync?tao=1&&uid=ceef8c68-a2aa-47d9-81f7-e1dcc3a82025') from origin 'https://sync.a-mo.net' has been blocked by CORS policy: The value of the 'Access-Control-Allow-Origin' header in the response must not be the wildcard '*' when the request's credentials mode is 'include'. @ https://sync.a-mo.net/cchain?cb=https%3A%2F%2Fcs.openwebmp.com%2Fcs%3Ffwrd%3D1%26aid%3D40018%26uid%3D&gdpr=%5BGDPR%5D&gdpr_consent=%5BUSER_CONSENT%5D:0
[    6637ms] [ERROR] Failed to load resource: net::ERR_FAILED @ https://bpb.opendns.com/b/https/id.a-mx.com/sync?tao=1&&uid=ceef8c68-a2aa-47d9-81f7-e1dcc3a82025:0
[    6701ms] [ERROR] Access to fetch at 'https://bpb.opendns.com/b/https/id.a-mx.com/sync?tao=1&&uid=ceef8c68-a2aa-47d9-81f7-e1dcc3a82025' (redirected from 'https://id.a-mx.com/sync?tao=1&&uid=ceef8c68-a2aa-47d9-81f7-e1dcc3a82025') from origin 'https://prebid.a-mo.net' has been blocked by CORS policy: The value of the 'Access-Control-Allow-Origin' header in the response must not be the wildcard '*' when the request's credentials mode is 'include'. @ https://prebid.a-mo.net/cchain/0?gdpr=0&gdpr_consent=&us_privacy=1NNN&cb=https%3A%2F%2Fssp.disqus.com%2Fmatch%3Fbidder%3D6%26r%3DCid1YS1hY2I0ZTA5ZC05YzI5LTNmOGQtYTJiMi0yZTk1YjdmZTNiOGUiBDFOTk4qYmh0dHBzOi8vY3Mtc2VydmVyLXMycy55ZWxsb3dibHVlLmlvL2NzP2Z3cmQ9MSZhaWQ9MTE2MTImaWQ9dWEtYWNiNGUwOWQtOWMyOS0zZjhkLWEyYjItMmU5NWI3ZmUzYjhlMgEGOAFCBVtHUFBd%26buyeruid%3D:0
[    6702ms] [ERROR] Failed to load resource: net::ERR_FAILED @ https://bpb.opendns.com/b/https/id.a-mx.com/sync?tao=1&&uid=ceef8c68-a2aa-47d9-81f7-e1dcc3a82025:0
[    6733ms] [ERROR] Access to fetch at 'https://bpb.opendns.com/b/https/id.a-mx.com/sync?tao=1&&uid=ceef8c68-a2aa-47d9-81f7-e1dcc3a82025' (redirected from 'https://id.a-mx.com/sync?tao=1&&uid=ceef8c68-a2aa-47d9-81f7-e1dcc3a82025') from origin 'https://prebid.a-mo.net' has been blocked by CORS policy: The value of the 'Access-Control-Allow-Origin' header in the response must not be the wildcard '*' when the request's credentials mode is 'include'. @ https://prebid.a-mo.net/isyn?gdpr=0&gdpr_consent=&us_privacy=&cb=https%3A%2F%2Fprebid.adtarget.biz%2Fsetuid%3Fbidder%3Damx%26gdpr%3D0%26gdpr_consent%3D%26f%3Di%26uid%3D:0
[    6733ms] [ERROR] Failed to load resource: net::ERR_FAILED @ https://bpb.opendns.com/b/https/id.a-mx.com/sync?tao=1&&uid=ceef8c68-a2aa-47d9-81f7-e1dcc3a82025:0
[    6761ms] [ERROR] Access to fetch at 'https://bpb.opendns.com/b/https/id.a-mx.com/sync?tao=1&&uid=ceef8c68-a2aa-47d9-81f7-e1dcc3a82025' (redirected from 'https://id.a-mx.com/sync?tao=1&&uid=ceef8c68-a2aa-47d9-81f7-e1dcc3a82025') from origin 'https://prebid.a-mo.net' has been blocked by CORS policy: The value of the 'Access-Control-Allow-Origin' header in the response must not be the wildcard '*' when the request's credentials mode is 'include'. @ https://prebid.a-mo.net/cchain/0?cb=https%3A%2F%2Fcs.openwebmp.com%2Fcs%3Ffwrd%3D1%26aid%3D40018%26uid%3D&gdpr=%5BGDPR%5D&gdpr_consent=%5BUSER_CONSENT%5D:0
[    6761ms] [ERROR] Failed to load resource: net::ERR_FAILED @ https://bpb.opendns.com/b/https/id.a-mx.com/sync?tao=1&&uid=ceef8c68-a2aa-47d9-81f7-e1dcc3a82025:0
[    7785ms] [ERROR] Access to fetch at 'https://bpb.opendns.com/b/https/id.a-mx.com/sync?tao=1&&uid=ceef8c68-a2aa-47d9-81f7-e1dcc3a82025' (redirected from 'https://id.a-mx.com/sync?tao=1&&uid=ceef8c68-a2aa-47d9-81f7-e1dcc3a82025') from origin 'https://usw1-sync.a-mo.net' has been blocked by CORS policy: The value of the 'Access-Control-Allow-Origin' header in the response must not be the wildcard '*' when the request's credentials mode is 'include'. @ https://usw1-sync.a-mo.net/isyn?__st=iframe&gdpr=0&us_privacy=1---&_e=TVAxheNZMKu5riizL5hz-BspIV4Y-ZJdc6dkJG4xbEtBoYKraCvrl2rDOQvWuJ4KBxKRFDTt8NTWXlfQ8MCeVCFSsmI875dKUndJhnaKmAkhWSEG_0KNWuT4a3HyHOtYBct6PC8Vu_4esxpc9mkykgZlSKijPrvIc8JCh-R8ST4156TbBDWsobu6e0dAMw-zD75iAtRSl0hXNAMIPhgiPF5-LzvYBia4Bo4ac5y9j22X-HOBa5zzEwsRV08kXNlkgOQpOaUbjOMzaa0jkR65jQSTeBIqmUdLeXb6Ml82nC-YJehVJGDsWJFuXc8ppSBGn5KsJ2g0uHZBYjC-lnISPz_7bCUeaYTlSsS43qY3U7149aUeuA2seuq2_CfE2vTUFcraNg1DMZbz0FkPbwUhN_P0JMb8SD31J-P2P_P-l596VUqCJ0-B8Q:0
[    7785ms] [ERROR] Failed to load resource: net::ERR_FAILED @ https://bpb.opendns.com/b/https/id.a-mx.com/sync?tao=1&&uid=ceef8c68-a2aa-47d9-81f7-e1dcc3a82025:0
[   10519ms] [ERROR] Access to fetch at 'https://bpb.opendns.com/b/https/id.a-mx.com/sync?tao=1&&uid=ceef8c68-a2aa-47d9-81f7-e1dcc3a82025' (redirected from 'https://id.a-mx.com/sync?tao=1&&uid=ceef8c68-a2aa-47d9-81f7-e1dcc3a82025') from origin 'https://prebid.a-mo.net' has been blocked by CORS policy: The value of the 'Access-Control-Allow-Origin' header in the response must not be the wildcard '*' when the request's credentials mode is 'include'. @ https://prebid.a-mo.net/isyn?gdpr=&gdpr_consent=&us_privacy=&gpp=&gpp_sid=&cb=https%3A%2F%2Fsync.adkernel.com%2Fuser-sync%3Fzone%3D308936%26dsp%3D811921%26t%3Diframe%26uid%3D%24UID:0
[   10519ms] [ERROR] Failed to load resource: net::ERR_FAILED @ https://bpb.opendns.com/b/https/id.a-mx.com/sync?tao=1&&uid=ceef8c68-a2aa-47d9-81f7-e1dcc3a82025:0
[   10809ms] [ERROR] Access to fetch at 'https://bpb.opendns.com/b/https/id.a-mx.com/sync?tao=1&&uid=ceef8c68-a2aa-47d9-81f7-e1dcc3a82025' (redirected from 'https://id.a-mx.com/sync?tao=1&&uid=ceef8c68-a2aa-47d9-81f7-e1dcc3a82025') from origin 'https://prebid.a-mo.net' has been blocked by CORS policy: The value of the 'Access-Control-Allow-Origin' header in the response must not be the wildcard '*' when the request's credentials mode is 'include'. @ https://prebid.a-mo.net/isyn?gdpr=0&gdpr_consent=&us_privacy=&cb=https%3A%2F%2Fprebid.monetixads.com%2Fsetuid%3Fbidder%3Damx%26gdpr%3D0%26gdpr_consent%3D%26f%3Di%26uid%3D:0
[   10809ms] [ERROR] Failed to load resource: net::ERR_FAILED @ https://bpb.opendns.com/b/https/id.a-mx.com/sync?tao=1&&uid=ceef8c68-a2aa-47d9-81f7-e1dcc3a82025:0
[   12859ms] [ERROR] Access to fetch at 'https://bpb.opendns.com/b/https/id.a-mx.com/sync?tao=1&&uid=ceef8c68-a2aa-47d9-81f7-e1dcc3a82025' (redirected from 'https://id.a-mx.com/sync?tao=1&&uid=ceef8c68-a2aa-47d9-81f7-e1dcc3a82025') from origin 'https://prebid.a-mo.net' has been blocked by CORS policy: The value of the 'Access-Control-Allow-Origin' header in the response must not be the wildcard '*' when the request's credentials mode is 'include'. @ https://prebid.a-mo.net/isyn?gdpr=0&gdpr_consent=&us_privacy=&cb=https%3A%2F%2Fprebid.pixad.com.tr%2Fsetuid%3Fbidder%3Damx%26gdpr%3D0%26gdpr_consent%3D%26f%3Di%26uid%3D:0
[   12859ms] [ERROR] Failed to load resource: net::ERR_FAILED @ https://bpb.opendns.com/b/https/id.a-mx.com/sync?tao=1&&uid=ceef8c68-a2aa-47d9-81f7-e1dcc3a82025:0
[   14782ms] [ERROR] Failed to load resource: the server responded with a status of 400 () @ https://eb2.3lift.com/getuid?gdpr=&gdpr_consent=&redir=https%3A%2F%2Fuser-sync.fwmrm.net%2Fad%2Fu%3Fmode%3Duser-register%26dspid%3D94%26dspuid%3D$UID%26gdpr%3D%26gdpr_consent%3D:0
[    5733ms] [ERROR] Failed to load resource: net::ERR_HTTP2_SERVER_REFUSED_STREAM @ https://cs.admanmedia.com/77bb8e39d66271fda1db01d45766b9d9.gif?gdpr=0&gdpr_consent=%5BGDPR_CONSENT%5D&redir=https%3A%2F%2Fcs-server-s2s.yellowblue.io%2Fcs%3Ffwrd%3D1%26aid%3D11559%26id%3D%5BUID%5D:0
[   14800ms] [ERROR] Access to fetch at 'https://bpb.opendns.com/b/https/id.a-mx.com/sync?tao=1&&uid=ceef8c68-a2aa-47d9-81f7-e1dcc3a82025' (redirected from 'https://id.a-mx.com/sync?tao=1&&uid=ceef8c68-a2aa-47d9-81f7-e1dcc3a82025') from origin 'https://prebid.a-mo.net' has been blocked by CORS policy: The value of the 'Access-Control-Allow-Origin' header in the response must not be the wildcard '*' when the request's credentials mode is 'include'. @ https://prebid.a-mo.net/isyn?gdpr=0&gdpr_consent=&us_privacy=1---&gpp=&gpp_sid=&s=pbs&cb=https%3A%2F%2Fsync.sparteo.com%2Fsetuid%3Fpslabel%3Dnull%26bidder%3Damx%26gdpr%3D0%26gdpr_consent%3D%26us_privacy%3D1---%26gpp%3D%26gpp_sid%3D%26f%3Db%26uid%3D:0
[   14800ms] [ERROR] Failed to load resource: net::ERR_FAILED @ https://bpb.opendns.com/b/https/id.a-mx.com/sync?tao=1&&uid=ceef8c68-a2aa-47d9-81f7-e1dcc3a82025:0
[    5733ms] [ERROR] Failed to load resource: net::ERR_HTTP2_SERVER_REFUSED_STREAM @ https://cs.admanmedia.com/73c1e1bfc3bde354d60b80e601ae3914.gif?puid=[UID]&redir=https%3A%2F%2Fonetag-sys.com%2Fmatch%2F%3Fint_id%3D164%26gdpr%3D0%26gdpr_consent%3D%26uid%3D%5BUID%5D&gdpr=0&gdpr_consent=&ccpa=1YN-&coppa=:0
[    5733ms] [ERROR] Failed to load resource: net::ERR_HTTP2_SERVER_REFUSED_STREAM @ https://cs.admanmedia.com/73c1e1bfc3bde354d60b80e601ae3914.gif?puid=[UID]&redir=https%3A%2F%2Fonetag-sys.com%2Fmatch%2F%3Fint_id%3D164%26gdpr%3D1%26gdpr_consent%3D%26uid%3D%5BUID%5D&gdpr=1&gdpr_consent=&ccpa=&coppa=:0
[    6240ms] [ERROR] Failed to load resource: net::ERR_HTTP2_SERVER_REFUSED_STREAM @ https://cs.admanmedia.com/73c1e1bfc3bde354d60b80e601ae3914.gif?puid=[UID]&redir=https%3A%2F%2Fonetag-sys.com%2Fmatch%2F%3Fint_id%3D164%26gdpr%3D0%26gdpr_consent%3D%26uid%3D%5BUID%5D&gdpr=0&gdpr_consent=&ccpa=&coppa=:0
[    6524ms] [ERROR] Failed to load resource: the server responded with a status of 424 (Failed Dependency) @ https://t.adx.opera.com/pub/sync?pubid=pub10101531197440&gdpr=1&gdpr_consent=:0
[    6524ms] [ERROR] Failed to load resource: the server responded with a status of 424 (Failed Dependency) @ https://t.adx.opera.com/pub/sync?pubid=pub10101531197440&gdpr=1&gdpr_consent=:0
[    6671ms] [ERROR] Failed to load resource: the server responded with a status of 424 (Failed Dependency) @ https://t.adx.opera.com/pub/sync?pubid=pub10101531197440&gdpr=1&gdpr_consent=:0
[    7044ms] [ERROR] Failed to load resource: net::ERR_HTTP2_SERVER_REFUSED_STREAM @ https://cs.admanmedia.com/73c1e1bfc3bde354d60b80e601ae3914.gif?puid=[UID]&redir=https%3A%2F%2Fonetag-sys.com%2Fmatch%2F%3Fint_id%3D164%26gdpr%3D0%26gdpr_consent%3D%26uid%3D%5BUID%5D&gdpr=0&gdpr_consent=&ccpa=&coppa=:0
[    7109ms] [ERROR] Failed to load resource: the server responded with a status of 424 (Failed Dependency) @ https://t.adx.opera.com/pub/sync?pubid=pub10101531197440&gdpr=1&gdpr_consent=:0
[    7236ms] [ERROR] Failed to load resource: the server responded with a status of 424 (Failed Dependency) @ https://t.adx.opera.com/pub/sync?pubid=pub10101531197440&gdpr=1&gdpr_consent=:0
[    7384ms] [ERROR] Failed to load resource: net::ERR_HTTP2_SERVER_REFUSED_STREAM @ https://cs.admanmedia.com/73c1e1bfc3bde354d60b80e601ae3914.gif?puid=[UID]&redir=https%3A%2F%2Fonetag-sys.com%2Fmatch%2F%3Fint_id%3D164%26gdpr%3D1%26gdpr_consent%3D%26uid%3D%5BUID%5D&gdpr=1&gdpr_consent=&ccpa=&coppa=:0
[   10430ms] [ERROR] Failed to load resource: the server responded with a status of 424 (Failed Dependency) @ https://t.adx.opera.com/pub/sync?pubid=pub10101531197440&gdpr=1&gdpr_consent=:0
[   14972ms] [ERROR] Access to fetch at 'https://bpb.opendns.com/b/https/id.a-mx.com/sync?tao=1&&uid=ceef8c68-a2aa-47d9-81f7-e1dcc3a82025' (redirected from 'https://id.a-mx.com/sync?tao=1&&uid=ceef8c68-a2aa-47d9-81f7-e1dcc3a82025') from origin 'https://prebid.a-mo.net' has been blocked by CORS policy: The value of the 'Access-Control-Allow-Origin' header in the response must not be the wildcard '*' when the request's credentials mode is 'include'. @ https://prebid.a-mo.net/isyn?gdpr=0&gdpr_consent=&us_privacy=1---&gpp=&gpp_sid=&s=pbs&cb=https%3A%2F%2Fsync.sparteo.com%2Fsetuid%3Fpslabel%3Dnull%26bidder%3Damx%26gdpr%3D0%26gdpr_consent%3D%26us_privacy%3D1---%26gpp%3D%26gpp_sid%3D%26f%3Db%26uid%3D:0
[   14972ms] [ERROR] Failed to load resource: net::ERR_FAILED @ https://bpb.opendns.com/b/https/id.a-mx.com/sync?tao=1&&uid=ceef8c68-a2aa-47d9-81f7-e1dcc3a82025:0
[   17698ms] [DIR] SyntaxError @ https://js.ad-score.com/score.min.js?pid=1000925&tt=g:1
[   17855ms] [TIMEEND] a: 0.0009765625 ms @ https://static.adsafeprotected.com/sca.17.6.4.js:31
[   20081ms] [ERROR] Error decoding tpids in b-161: SyntaxError: Expected ':' after property name in JSON at position 5 (line 1 column 6)
    at JSON.parse (<anonymous>)
    at https://pxdrop.lijit.com/a/t_.htm?ver=1.2087.1178&cid=c026:1:1787
    at jsLib.onload (https://pxdrop.lijit.com/a/t_.htm?ver=1.2087.1178&cid=c026:1:2650) @ https://pxdrop.lijit.com/a/t_.htm?ver=1.2087.1178&cid=c026:0
[   20082ms] [ERROR] Error decoding tpids in b-162: SyntaxError: Expected ':' after property name in JSON at position 5 (line 1 column 6)
    at JSON.parse (<anonymous>)
    at https://pxdrop.lijit.com/a/t_.htm?ver=1.2087.1178&cid=c026:1:1787
    at jsLib.onload (https://pxdrop.lijit.com/a/t_.htm?ver=1.2087.1178&cid=c026:1:2650) @ https://pxdrop.lijit.com/a/t_.htm?ver=1.2087.1178&cid=c026:0
[   20082ms] [ERROR] Error decoding tpids in b-163: SyntaxError: Expected ':' after property name in JSON at position 5 (line 1 column 6)
    at JSON.parse (<anonymous>)
    at https://pxdrop.lijit.com/a/t_.htm?ver=1.2087.1178&cid=c026:1:1787
    at jsLib.onload (https://pxdrop.lijit.com/a/t_.htm?ver=1.2087.1178&cid=c026:1:2650) @ https://pxdrop.lijit.com/a/t_.htm?ver=1.2087.1178&cid=c026:0
[   20082ms] [ERROR] Error decoding tpids in b-164: SyntaxError: Expected ':' after property name in JSON at position 5 (line 1 column 6)
    at JSON.parse (<anonymous>)
    at https://pxdrop.lijit.com/a/t_.htm?ver=1.2087.1178&cid=c026:1:1787
    at jsLib.onload (https://pxdrop.lijit.com/a/t_.htm?ver=1.2087.1178&cid=c026:1:2650) @ https://pxdrop.lijit.com/a/t_.htm?ver=1.2087.1178&cid=c026:0
[   20082ms] [ERROR] Error decoding tpids in b-165: SyntaxError: Expected ':' after property name in JSON at position 5 (line 1 column 6)
    at JSON.parse (<anonymous>)
    at https://pxdrop.lijit.com/a/t_.htm?ver=1.2087.1178&cid=c026:1:1787
    at jsLib.onload (https://pxdrop.lijit.com/a/t_.htm?ver=1.2087.1178&cid=c026:1:2650) @ https://pxdrop.lijit.com/a/t_.htm?ver=1.2087.1178&cid=c026:0
[   20082ms] [ERROR] Error decoding tpids in b-166: SyntaxError: Expected ':' after property name in JSON at position 5 (line 1 column 6)
    at JSON.parse (<anonymous>)
    at https://pxdrop.lijit.com/a/t_.htm?ver=1.2087.1178&cid=c026:1:1788
    at jsLib.onload (https://pxdrop.lijit.com/a/t_.htm?ver=1.2087.1178&cid=c026:1:2652) @ https://pxdrop.lijit.com/a/t_.htm?ver=1.2087.1178&cid=c026:0
[   20083ms] [ERROR] Error decoding tpids in b-167: SyntaxError: Expected ':' after property name in JSON at position 5 (line 1 column 6)
    at JSON.parse (<anonymous>)
    at https://pxdrop.lijit.com/a/t_.htm?ver=1.2087.1178&cid=c026:1:1788
    at jsLib.onload (https://pxdrop.lijit.com/a/t_.htm?ver=1.2087.1178&cid=c026:1:2652) @ https://pxdrop.lijit.com/a/t_.htm?ver=1.2087.1178&cid=c026:0
[   20083ms] [ERROR] Error decoding tpids in b-168: SyntaxError: Expected ':' after property name in JSON at position 5 (line 1 column 6)
    at JSON.parse (<anonymous>)
    at https://pxdrop.lijit.com/a/t_.htm?ver=1.2087.1178&cid=c026:1:1788
    at jsLib.onload (https://pxdrop.lijit.com/a/t_.htm?ver=1.2087.1178&cid=c026:1:2652) @ https://pxdrop.lijit.com/a/t_.htm?ver=1.2087.1178&cid=c026:0
[   24528ms] [DIR] SyntaxError @ https://js.ad-score.com/score.min.js?pid=1000925&tt=g:1
[   25005ms] [TIMEEND] a: 0.0009765625 ms @ https://static.adsafeprotected.com/sca.17.6.4.js:31
[   30099ms] [ERROR] Error decoding tpids in b-15j: SyntaxError: Expected ':' after property name in JSON at position 5 (line 1 column 6)
    at JSON.parse (<anonymous>)
    at https://pxdrop.lijit.com/a/t_.htm?ver=1.2087.1178&cid=c026:1:1714
    at jsLib.onload (https://pxdrop.lijit.com/a/t_.htm?ver=1.2087.1178&cid=c026:1:2594) @ https://pxdrop.lijit.com/a/t_.htm?ver=1.2087.1178&cid=c026:0
[   30100ms] [ERROR] Error decoding tpids in b-15x: SyntaxError: Expected ':' after property name in JSON at position 5 (line 1 column 6)
    at JSON.parse (<anonymous>)
    at https://pxdrop.lijit.com/a/t_.htm?ver=1.2087.1178&cid=c026:1:1879
    at jsLib.onload (https://pxdrop.lijit.com/a/t_.htm?ver=1.2087.1178&cid=c026:1:2750) @ https://pxdrop.lijit.com/a/t_.htm?ver=1.2087.1178&cid=c026:0
[   30100ms] [ERROR] Error decoding tpids in b-1bf: SyntaxError: Expected ':' after property name in JSON at position 5 (line 1 column 6)
    at JSON.parse (<anonymous>)
    at https://pxdrop.lijit.com/a/t_.htm?ver=1.2087.1178&cid=c026:1:1879
    at jsLib.onload (https://pxdrop.lijit.com/a/t_.htm?ver=1.2087.1178&cid=c026:1:2750) @ https://pxdrop.lijit.com/a/t_.htm?ver=1.2087.1178&cid=c026:0
